hts_code,aisi_group,category_description,steel_type,steel_type_code,section_201_category
7214910016,1400,BARS - HOT ROLLED,Non-Alloy (Carbon),C,Section 201
7214910020,1400,BARS - HOT ROLLED,Non-Alloy (Carbon),C,Section 201
7214990021,1400,BARS - HOT ROLLED,Non-Alloy (Carbon),C,Section 201
7214990026,1400,BARS - HOT ROLLED,Non-Alloy (Carbon),C,Section 201
7214990031,1400,BARS - HOT ROLLED,Non-Alloy (Carbon),C,Section 201
7214990036,1400,BARS - HOT ROLLED,Non-Alloy (Carbon),C,Section 201
7214990040,1400,BARS - HOT ROLLED,Non-Alloy (Carbon),C,Section 201
7228308015,1400,BARS - HOT ROLLED,Alloy,A,Section 201
7228308041,1400,BARS - HOT ROLLED,Alloy,A,Section 201
7228308045,1400,BARS - HOT ROLLED,Alloy,A,Section 201
7228308070,1400,BARS - HOT ROLLED,Alloy,A,Section 201
7228308010,1500,BARS - REINFORCING,Alloy,A,Section 201
7215500018,1600,BARS - COLD FINISHED,Non-Alloy (Carbon),C,Section 201
7215500020,1600,BARS - COLD FINISHED,Non-Alloy (Carbon),C,Section 201
7215500063,1600,BARS - COLD FINISHED,Non-Alloy (Carbon),C,Section 201
7215500065,1600,BARS - COLD FINISHED,Non-Alloy (Carbon),C,Section 201
7222200064,1600,BARS - COLD FINISHED,Stainless Steel,S,Section 201
7222200073,1600,BARS - COLD FINISHED,Stainless Steel,S,Section 201
7305316010,2200,STRUCTURAL PIPE & TUBE,Stainless Steel,S,General
7223001005,2300,WIRE DRAWN,Stainless Steel,S,Section 201
7209182585,2800,BLACK PLATE,Non-Alloy (Carbon),C,General
7210500090,2950,TIN FREE STEEL,Non-Alloy (Carbon),C,Section 201
7208270040,3100,SHEETS HOT ROLLED,Non-Alloy (Carbon),C,Section 201
7208390025,3100,SHEETS HOT ROLLED,Non-Alloy (Carbon),C,Section 201
7209160045,3200,SHEETS COLD ROLLED,Non-Alloy (Carbon),C,Section 201
7209170045,3200,SHEETS COLD ROLLED,Non-Alloy (Carbon),C,Section 201
7210490045,3300,SHEETS & STRIP GALV HOT DIPPED,Non-Alloy (Carbon),C,Section 201
7210490095,3300,SHEETS & STRIP GALV HOT DIPPED,Non-Alloy (Carbon),C,Section 201
7206100000,100,INGOTS AND STEEL FOR CASTINGS,Non-Alloy (Carbon),C,General
7206900000,100,INGOTS AND STEEL FOR CASTINGS,Non-Alloy (Carbon),C,General
7218100000,100,INGOTS AND STEEL FOR CASTINGS,Stainless Steel,S,General
7224100005,100,INGOTS AND STEEL FOR CASTINGS,Alloy,A,General
7224100075,100,INGOTS AND STEEL FOR CASTINGS,Alloy,A,General
7207110000,150,INGOTS AND STEEL FOR CASTINGS,Non-Alloy (Carbon),C,General
7207120010,150,INGOTS AND STEEL FOR CASTINGS,Non-Alloy (Carbon),C,Section 201
7207120050,150,INGOTS AND STEEL FOR CASTINGS,Non-Alloy (Carbon),C,Section 201
7207190030,150,INGOTS AND STEEL FOR CASTINGS,Non-Alloy (Carbon),C,General
7207190090,150,INGOTS AND STEEL FOR CASTINGS,Non-Alloy (Carbon),C,General
7207200025,150,INGOTS AND STEEL FOR CASTINGS,Non-Alloy (Carbon),C,Section 201
7207200045,150,INGOTS AND STEEL FOR CASTINGS,Non-Alloy (Carbon),C,Section 201
7207200075,150,INGOTS AND STEEL FOR CASTINGS,Non-Alloy (Carbon),C,General
7207200090,150,INGOTS AND STEEL FOR CASTINGS,Non-Alloy (Carbon),C,General
7218910015,150,INGOTS AND STEEL FOR CASTINGS,Stainless Steel,S,General
7218910030,150,INGOTS AND STEEL FOR CASTINGS,Stainless Steel,S,General
7218910060,150,INGOTS AND STEEL FOR CASTINGS,Stainless Steel,S,General
7218990015,150,INGOTS AND STEEL FOR CASTINGS,Stainless Steel,S,General
7218990030,150,INGOTS AND STEEL FOR CASTINGS,Stainless Steel,S,General
7218990045,150,INGOTS AND STEEL FOR CASTINGS,Stainless Steel,S,General
7218990060,150,INGOTS AND STEEL FOR CASTINGS,Stainless Steel,S,General
7218990090,150,INGOTS AND STEEL FOR CASTINGS,Stainless Steel,S,General
7224900005,150,INGOTS AND STEEL FOR CASTINGS,Alloy,A,General
7224900045,150,INGOTS AND STEEL FOR CASTINGS,Alloy,A,General
7224900055,150,INGOTS AND STEEL FOR CASTINGS,Alloy,A,Section 201
7224900065,150,INGOTS AND STEEL FOR CASTINGS,Alloy,A,General
7224900075,150,INGOTS AND STEEL FOR CASTINGS,Alloy,A,General
7213913011,300,WIRE RODS,Non-Alloy (Carbon),C,General
7213913015,300,WIRE RODS,Non-Alloy (Carbon),C,General
7213913020,300,WIRE RODS,Non-Alloy (Carbon),C,General
7213913093,300,WIRE RODS,Non-Alloy (Carbon),C,General
7213914500,300,WIRE RODS,Non-Alloy (Carbon),C,General
7213916000,300,WIRE RODS,Non-Alloy (Carbon),C,General
7213990030,300,WIRE RODS,Non-Alloy (Carbon),C,General
7213990090,300,WIRE RODS,Non-Alloy (Carbon),C,Section 201
7221000017,300,WIRE RODS,Stainless Steel,S,Section 201
7221000018,300,WIRE RODS,Stainless Steel,S,Section 201
7221000030,300,WIRE RODS,Stainless Steel,S,Section 201
7227200030,300,WIRE RODS,Alloy,A,Section 201
7227906020,300,WIRE RODS,Alloy,A,Section 201
7227906030,300,WIRE RODS,Alloy,A,Section 201
7227906035,300,WIRE RODS,Alloy,A,Section 201
7216310000,400,STRUCTURAL SHAPES HEAVY,Non-Alloy (Carbon),C,General
7216320000,400,STRUCTURAL SHAPES HEAVY,Non-Alloy (Carbon),C,General
7216330030,400,STRUCTURAL SHAPES HEAVY,Non-Alloy (Carbon),C,General
7216330060,400,STRUCTURAL SHAPES HEAVY,Non-Alloy (Carbon),C,General
7216330090,400,STRUCTURAL SHAPES HEAVY,Non-Alloy (Carbon),C,General
7216400010,400,STRUCTURAL SHAPES HEAVY,Non-Alloy (Carbon),C,General
7216400050,400,STRUCTURAL SHAPES HEAVY,Non-Alloy (Carbon),C,General
7216500000,400,STRUCTURAL SHAPES HEAVY,Non-Alloy (Carbon),C,Section 201
7216990010,400,STRUCTURAL SHAPES HEAVY,Non-Alloy (Carbon),C,Section 201
7216990090,400,STRUCTURAL SHAPES HEAVY,Non-Alloy (Carbon),C,Section 201
7222403025,400,STRUCTURAL SHAPES HEAVY,Stainless Steel,S,Section 201
7222403045,400,STRUCTURAL SHAPES HEAVY,Stainless Steel,S,Section 201
7222406000,400,STRUCTURAL SHAPES HEAVY,Stainless Steel,S,Section 201
7228703010,400,STRUCTURAL SHAPES HEAVY,Alloy,A,Section 201
7228703020,400,STRUCTURAL SHAPES HEAVY,Alloy,A,Section 201
7228703041,400,STRUCTURAL SHAPES HEAVY,Alloy,A,Section 201
7228706000,400,STRUCTURAL SHAPES HEAVY,Alloy,A,Section 201
7301100000,500,STEEL PILING,Non-Alloy (Carbon),C,General
7208403030,600,PLATE CUT LENGTHS,Non-Alloy (Carbon),C,Section 201
7208403060,600,PLATE CUT LENGTHS,Non-Alloy (Carbon),C,Section 201
7208510030,600,PLATE CUT LENGTHS,Non-Alloy (Carbon),C,Section 201
7208510045,600,PLATE CUT LENGTHS,Non-Alloy (Carbon),C,Section 201
7208510060,600,PLATE CUT LENGTHS,Non-Alloy (Carbon),C,Section 201
7208520000,600,PLATE CUT LENGTHS,Non-Alloy (Carbon),C,Section 201
7210901000,600,PLATE CUT LENGTHS,Non-Alloy (Carbon),C,Section 201
7211130000,600,PLATE CUT LENGTHS,Non-Alloy (Carbon),C,Section 201
7211140030,600,PLATE CUT LENGTHS,Non-Alloy (Carbon),C,Section 201
7211140045,600,PLATE CUT LENGTHS,Non-Alloy (Carbon),C,Section 201
7219210005,600,PLATE CUT LENGTHS,Stainless Steel,S,General
7219210020,600,PLATE CUT LENGTHS,Stainless Steel,S,General
7219210040,600,PLATE CUT LENGTHS,Stainless Steel,S,General
7219210060,600,PLATE CUT LENGTHS,Stainless Steel,S,General
7219220005,600,PLATE CUT LENGTHS,Stainless Steel,S,General
7219220015,600,PLATE CUT LENGTHS,Stainless Steel,S,General
7219220020,600,PLATE CUT LENGTHS,Stainless Steel,S,General
7219220025,600,PLATE CUT LENGTHS,Stainless Steel,S,General
7219220035,600,PLATE CUT LENGTHS,Stainless Steel,S,General
7219220040,600,PLATE CUT LENGTHS,Stainless Steel,S,General
7219220045,600,PLATE CUT LENGTHS,Stainless Steel,S,General
7219220070,600,PLATE CUT LENGTHS,Stainless Steel,S,General
7219220075,600,PLATE CUT LENGTHS,Stainless Steel,S,General
7219220080,600,PLATE CUT LENGTHS,Stainless Steel,S,General
7219310050,600,PLATE CUT LENGTHS,Stainless Steel,S,General
7220110000,600,PLATE CUT LENGTHS,Stainless Steel,S,General
7225403005,600,PLATE CUT LENGTHS,Alloy,A,Section 201
7225403050,600,PLATE CUT LENGTHS,Alloy,A,Section 201
7225506000,600,PLATE CUT LENGTHS,Alloy,A,Section 201
7226915000,600,PLATE CUT LENGTHS,Alloy,A,Section 201
7208101500,650,PLATES IN COILS,Non-Alloy (Carbon),C,Section 201
7208103000,650,PLATES IN COILS,Non-Alloy (Carbon),C,Section 201
7208253000,650,PLATES IN COILS,Non-Alloy (Carbon),C,Section 201
7208256000,650,PLATES IN COILS,Non-Alloy (Carbon),C,Section 201
7208360030,650,PLATES IN COILS,Non-Alloy (Carbon),C,Section 201
7208360060,650,PLATES IN COILS,Non-Alloy (Carbon),C,Section 201
7208370030,650,PLATES IN COILS,Non-Alloy (Carbon),C,Section 201
7208370060,650,PLATES IN COILS,Non-Alloy (Carbon),C,Section 201
7211140090,650,PLATES IN COILS,Non-Alloy (Carbon),C,Section 201
7219110030,650,PLATES IN COILS,Stainless Steel,S,General
7219110060,650,PLATES IN COILS,Stainless Steel,S,General
7219120002,650,PLATES IN COILS,Stainless Steel,S,General
7219120006,650,PLATES IN COILS,Stainless Steel,S,General
7219120021,650,PLATES IN COILS,Stainless Steel,S,General
7219120026,650,PLATES IN COILS,Stainless Steel,S,General
7219120051,650,PLATES IN COILS,Stainless Steel,S,General
7219120056,650,PLATES IN COILS,Stainless Steel,S,General
7219120066,650,PLATES IN COILS,Stainless Steel,S,General
7219120071,650,PLATES IN COILS,Stainless Steel,S,General
7219120081,650,PLATES IN COILS,Stainless Steel,S,General
7219310010,650,PLATES IN COILS,Stainless Steel,S,General
7225303005,650,PLATES IN COILS,Alloy,A,Section 201
7225303050,650,PLATES IN COILS,Alloy,A,Section 201
7302101010,700,RAILS STANDARD,Non-Alloy (Carbon),C,General
7302101035,700,RAILS STANDARD,Non-Alloy (Carbon),C,General
7302105020,700,RAILS STANDARD,Alloy,A,General
7302101015,800,RAILS ALL OTHER,Non-Alloy (Carbon),C,General
7302101025,800,RAILS ALL OTHER,Non-Alloy (Carbon),C,General
7302101045,800,RAILS ALL OTHER,Non-Alloy (Carbon),C,General
7302101055,800,RAILS ALL OTHER,Non-Alloy (Carbon),C,General
7302400000,900,RAILROAD ACCESSORIES,Non-Alloy (Carbon),C,General
7302901000,900,RAILROAD ACCESSORIES,Non-Alloy (Carbon),C,General
7213200010,1400,BARS - HOT ROLLED,Non-Alloy (Carbon),C,Section 201
7213200080,1400,BARS - HOT ROLLED,Non-Alloy (Carbon),C,Section 201
7213990060,1400,BARS - HOT ROLLED,Non-Alloy (Carbon),C,Section 201
7214100000,1400,BARS - HOT ROLLED,Non-Alloy (Carbon),C,Section 201
7214300010,1400,BARS - HOT ROLLED,Non-Alloy (Carbon),C,Section 201
7214300080,1400,BARS - HOT ROLLED,Non-Alloy (Carbon),C,Section 201
7214910060,1400,BARS - HOT ROLLED,Non-Alloy (Carbon),C,Section 201
7214910090,1400,BARS - HOT ROLLED,Non-Alloy (Carbon),C,Section 201
7214990016,1400,BARS - HOT ROLLED,Non-Alloy (Carbon),C,Section 201
7214990045,1400,BARS - HOT ROLLED,Non-Alloy (Carbon),C,Section 201
7214990060,1400,BARS - HOT ROLLED,Non-Alloy (Carbon),C,Section 201
7214990075,1400,BARS - HOT ROLLED,Non-Alloy (Carbon),C,Section 201
7214990090,1400,BARS - HOT ROLLED,Non-Alloy (Carbon),C,Section 201
7215901000,1400,BARS - HOT ROLLED,Non-Alloy (Carbon),C,Section 201
7221000005,1400,BARS - HOT ROLLED,Stainless Steel,S,Section 201
7221000045,1400,BARS - HOT ROLLED,Stainless Steel,S,Section 201
7221000075,1400,BARS - HOT ROLLED,Stainless Steel,S,Section 201
7222110001,1400,BARS - HOT ROLLED,Stainless Steel,S,Section 201
7222110006,1400,BARS - HOT ROLLED,Stainless Steel,S,Section 201
7222110057,1400,BARS - HOT ROLLED,Stainless Steel,S,Section 201
7222110059,1400,BARS - HOT ROLLED,Stainless Steel,S,Section 201
7222110082,1400,BARS - HOT ROLLED,Stainless Steel,S,Section 201
7222110084,1400,BARS - HOT ROLLED,Stainless Steel,S,Section 201
7222190001,1400,BARS - HOT ROLLED,Stainless Steel,S,Section 201
7222190006,1400,BARS - HOT ROLLED,Stainless Steel,S,Section 201
7222190052,1400,BARS - HOT ROLLED,Stainless Steel,S,Section 201
7222190054,1400,BARS - HOT ROLLED,Stainless Steel,S,Section 201
7227200080,1400,BARS - HOT ROLLED,Alloy,A,Section 201
7227906005,1400,BARS - HOT ROLLED,Alloy,A,Section 201
7227906010,1400,BARS - HOT ROLLED,Alloy,A,Section 201
7227906040,1400,BARS - HOT ROLLED,Alloy,A,Section 201
7227906090,1400,BARS - HOT ROLLED,Alloy,A,Section 201
7228201000,1400,BARS - HOT ROLLED,Alloy,A,Section 201
7228308005,1400,BARS - HOT ROLLED,Alloy,A,Section 201
7228308010,1400,BARS - HOT ROLLED,Alloy,A,Section 201
7228400000,1400,BARS - HOT ROLLED,Alloy,A,Section 201
7228606000,1400,BARS - HOT ROLLED,Alloy,A,Section 201
7228800000,1400,BARS - HOT ROLLED,Alloy,A,Section 201
7216100010,1450,BARS - LIGHT SHAPED,Non-Alloy (Carbon),C,Section 201
7216100050,1450,BARS - LIGHT SHAPED,Non-Alloy (Carbon),C,Section 201
7216210000,1450,BARS - LIGHT SHAPED,Non-Alloy (Carbon),C,Section 201
7216220000,1450,BARS - LIGHT SHAPED,Non-Alloy (Carbon),C,Section 201
7222403065,1450,BARS - LIGHT SHAPED,Stainless Steel,S,Section 201
7222403085,1450,BARS - LIGHT SHAPED,Stainless Steel,S,Section 201
7228703060,1450,BARS - LIGHT SHAPED,Alloy,A,Section 201
7228703081,1450,BARS - LIGHT SHAPED,Alloy,A,Section 201
7213100000,1500,BARS - REINFORCING,Non-Alloy (Carbon),C,Section 201
7214200000,1500,BARS - REINFORCING,Non-Alloy (Carbon),C,Section 201
7215100010,1600,BARS - COLD FINISHED,Non-Alloy (Carbon),C,Section 201
7215100080,1600,BARS - COLD FINISHED,Non-Alloy (Carbon),C,Section 201
7215500016,1600,BARS - COLD FINISHED,Non-Alloy (Carbon),C,Section 201
7215500061,1600,BARS - COLD FINISHED,Non-Alloy (Carbon),C,Section 201
7215500090,1600,BARS - COLD FINISHED,Non-Alloy (Carbon),C,Section 201
7215903000,1600,BARS - COLD FINISHED,Non-Alloy (Carbon),C,Section 201
7215905000,1600,BARS - COLD FINISHED,Non-Alloy (Carbon),C,Section 201
7222200001,1600,BARS - COLD FINISHED,Stainless Steel,S,Section 201
7222200006,1600,BARS - COLD FINISHED,Stainless Steel,S,Section 201
7222200041,1600,BARS - COLD FINISHED,Stainless Steel,S,Section 201
7222200043,1600,BARS - COLD FINISHED,Stainless Steel,S,Section 201
7222200062,1600,BARS - COLD FINISHED,Stainless Steel,S,Section 201
7222200067,1600,BARS - COLD FINISHED,Stainless Steel,S,Section 201
7222200069,1600,BARS - COLD FINISHED,Stainless Steel,S,Section 201
7222200071,1600,BARS - COLD FINISHED,Stainless Steel,S,Section 201
7222300001,1600,BARS - COLD FINISHED,Stainless Steel,S,Section 201
7222300012,1600,BARS - COLD FINISHED,Stainless Steel,S,Section 201
7222300022,1600,BARS - COLD FINISHED,Stainless Steel,S,Section 201
7222300024,1600,BARS - COLD FINISHED,Stainless Steel,S,Section 201
7222300082,1600,BARS - COLD FINISHED,Stainless Steel,S,Section 201
7222300084,1600,BARS - COLD FINISHED,Stainless Steel,S,Section 201
7228205000,1600,BARS - COLD FINISHED,Alloy,A,Section 201
7228505005,1600,BARS - COLD FINISHED,Alloy,A,Section 201
7228505015,1600,BARS - COLD FINISHED,Alloy,A,Section 201
7228505040,1600,BARS - COLD FINISHED,Alloy,A,Section 201
7228505070,1600,BARS - COLD FINISHED,Alloy,A,Section 201
7228608000,1600,BARS - COLD FINISHED,Alloy,A,Section 201
7224100045,1700,TOOL STEEL,Alloy,A,General
7224900015,1700,TOOL STEEL,Alloy,A,General
7224900025,1700,TOOL STEEL,Alloy,A,General
7224900035,1700,TOOL STEEL,Alloy,A,General
7225301110,1700,TOOL STEEL,Alloy,A,General
7225301180,1700,TOOL STEEL,Alloy,A,General
7225305110,1700,TOOL STEEL,Alloy,A,General
7225305180,1700,TOOL STEEL,Alloy,A,General
7225401110,1700,TOOL STEEL,Alloy,A,General
7225401180,1700,TOOL STEEL,Alloy,A,General
7225405110,1700,TOOL STEEL,Alloy,A,General
7225405130,1700,TOOL STEEL,Alloy,A,General
7225405160,1700,TOOL STEEL,Alloy,A,General
7225501110,1700,TOOL STEEL,Alloy,A,General
7225501130,1700,TOOL STEEL,Alloy,A,General
7225501160,1700,TOOL STEEL,Alloy,A,General
7226200000,1700,TOOL STEEL,Alloy,A,General
7226910500,1700,TOOL STEEL,Alloy,A,General
7226911530,1700,TOOL STEEL,Alloy,A,General
7226911560,1700,TOOL STEEL,Alloy,A,General
7226912530,1700,TOOL STEEL,Alloy,A,General
7226912560,1700,TOOL STEEL,Alloy,A,General
7226921030,1700,TOOL STEEL,Alloy,A,General
7226921060,1700,TOOL STEEL,Alloy,A,General
7226923030,1700,TOOL STEEL,Alloy,A,General
7226923060,1700,TOOL STEEL,Alloy,A,General
7227100000,1700,TOOL STEEL,Alloy,A,General
7227901030,1700,TOOL STEEL,Alloy,A,Section 201
7227901060,1700,TOOL STEEL,Alloy,A,General
7227902030,1700,TOOL STEEL,Alloy,A,Section 201
7227902060,1700,TOOL STEEL,Alloy,A,General
7228100010,1700,TOOL STEEL,Alloy,A,General
7228100030,1700,TOOL STEEL,Alloy,A,General
7228100060,1700,TOOL STEEL,Alloy,A,General
7228302000,1700,TOOL STEEL,Alloy,A,Section 201
7228304000,1700,TOOL STEEL,Alloy,A,General
7228306000,1700,TOOL STEEL,Alloy,A,General
7228501010,1700,TOOL STEEL,Alloy,A,Section 201
7228501020,1700,TOOL STEEL,Alloy,A,General
7228501040,1700,TOOL STEEL,Alloy,A,General
7228501060,1700,TOOL STEEL,Alloy,A,General
7228501080,1700,TOOL STEEL,Alloy,A,General
7228601030,1700,TOOL STEEL,Alloy,A,Section 201
7228601060,1700,TOOL STEEL,Alloy,A,General
7229900500,1700,TOOL STEEL,Alloy,A,General
7304390016,1800,STANDARD PIPE,Non-Alloy (Carbon),C,General
7304390020,1800,STANDARD PIPE,Non-Alloy (Carbon),C,General
7304390024,1800,STANDARD PIPE,Non-Alloy (Carbon),C,General
7304390036,1800,STANDARD PIPE,Non-Alloy (Carbon),C,General
7304390048,1800,STANDARD PIPE,Non-Alloy (Carbon),C,General
7304390062,1800,STANDARD PIPE,Non-Alloy (Carbon),C,General
7304390076,1800,STANDARD PIPE,Non-Alloy (Carbon),C,General
7304390080,1800,STANDARD PIPE,Non-Alloy (Carbon),C,General
7304598010,1800,STANDARD PIPE,Alloy,A,General
7304598015,1800,STANDARD PIPE,Alloy,A,General
7304598030,1800,STANDARD PIPE,Alloy,A,General
7304598045,1800,STANDARD PIPE,Alloy,A,General
7304598060,1800,STANDARD PIPE,Alloy,A,General
7304598080,1800,STANDARD PIPE,Alloy,A,General
7306305025,1800,STANDARD PIPE,Non-Alloy (Carbon),C,Section 201
7306305028,1800,STANDARD PIPE,Non-Alloy (Carbon),C,General
7306305032,1800,STANDARD PIPE,Non-Alloy (Carbon),C,Section 201
7306305040,1800,STANDARD PIPE,Non-Alloy (Carbon),C,Section 201
7306305055,1800,STANDARD PIPE,Non-Alloy (Carbon),C,Section 201
7306305085,1800,STANDARD PIPE,Non-Alloy (Carbon),C,Section 201
7306305090,1800,STANDARD PIPE,Non-Alloy (Carbon),C,Section 201
7304220030,1900,OIL COUNTRY GOODS,Stainless Steel,S,General
7304220045,1900,OIL COUNTRY GOODS,Stainless Steel,S,General
7304220060,1900,OIL COUNTRY GOODS,Stainless Steel,S,General
7304233000,1900,OIL COUNTRY GOODS,Non-Alloy (Carbon),C,General
7304236030,1900,OIL COUNTRY GOODS,Alloy,A,General
7304236045,1900,OIL COUNTRY GOODS,Alloy,A,General
7304236060,1900,OIL COUNTRY GOODS,Alloy,A,General
7304243010,1900,OIL COUNTRY GOODS,Stainless Steel,S,General
7304243020,1900,OIL COUNTRY GOODS,Stainless Steel,S,General
7304243030,1900,OIL COUNTRY GOODS,Stainless Steel,S,General
7304243040,1900,OIL COUNTRY GOODS,Stainless Steel,S,General
7304243045,1900,OIL COUNTRY GOODS,Stainless Steel,S,General
7304243080,1900,OIL COUNTRY GOODS,Stainless Steel,S,General
7304244010,1900,OIL COUNTRY GOODS,Stainless Steel,S,General
7304244020,1900,OIL COUNTRY GOODS,Stainless Steel,S,General
7304244030,1900,OIL COUNTRY GOODS,Stainless Steel,S,General
7304244040,1900,OIL COUNTRY GOODS,Stainless Steel,S,General
7304244050,1900,OIL COUNTRY GOODS,Stainless Steel,S,General
7304244060,1900,OIL COUNTRY GOODS,Stainless Steel,S,General
7304244080,1900,OIL COUNTRY GOODS,Stainless Steel,S,General
7304246015,1900,OIL COUNTRY GOODS,Stainless Steel,S,General
7304246030,1900,OIL COUNTRY GOODS,Stainless Steel,S,General
7304246045,1900,OIL COUNTRY GOODS,Stainless Steel,S,General
7304246060,1900,OIL COUNTRY GOODS,Stainless Steel,S,General
7304246075,1900,OIL COUNTRY GOODS,Stainless Steel,S,General
7304291010,1900,OIL COUNTRY GOODS,Non-Alloy (Carbon),C,General
7304291020,1900,OIL COUNTRY GOODS,Non-Alloy (Carbon),C,General
7304291030,1900,OIL COUNTRY GOODS,Non-Alloy (Carbon),C,General
7304291040,1900,OIL COUNTRY GOODS,Non-Alloy (Carbon),C,General
7304291050,1900,OIL COUNTRY GOODS,Non-Alloy (Carbon),C,General
7304291060,1900,OIL COUNTRY GOODS,Non-Alloy (Carbon),C,General
7304291080,1900,OIL COUNTRY GOODS,Non-Alloy (Carbon),C,General
7304292010,1900,OIL COUNTRY GOODS,Non-Alloy (Carbon),C,General
7304292020,1900,OIL COUNTRY GOODS,Non-Alloy (Carbon),C,General
7304292030,1900,OIL COUNTRY GOODS,Non-Alloy (Carbon),C,General
7304292040,1900,OIL COUNTRY GOODS,Non-Alloy (Carbon),C,General
7304292050,1900,OIL COUNTRY GOODS,Non-Alloy (Carbon),C,General
7304292060,1900,OIL COUNTRY GOODS,Non-Alloy (Carbon),C,General
7304292080,1900,OIL COUNTRY GOODS,Non-Alloy (Carbon),C,General
7304293110,1900,OIL COUNTRY GOODS,Alloy,A,General
7304293120,1900,OIL COUNTRY GOODS,Alloy,A,General
7304293130,1900,OIL COUNTRY GOODS,Alloy,A,General
7304293140,1900,OIL COUNTRY GOODS,Alloy,A,General
7304293150,1900,OIL COUNTRY GOODS,Alloy,A,General
7304293160,1900,OIL COUNTRY GOODS,Alloy,A,General
7304293180,1900,OIL COUNTRY GOODS,Alloy,A,General
7304294110,1900,OIL COUNTRY GOODS,Alloy,A,General
7304294120,1900,OIL COUNTRY GOODS,Alloy,A,General
7304294130,1900,OIL COUNTRY GOODS,Alloy,A,General
7304294140,1900,OIL COUNTRY GOODS,Alloy,A,General
7304294150,1900,OIL COUNTRY GOODS,Alloy,A,General
7304294160,1900,OIL COUNTRY GOODS,Alloy,A,General
7304294180,1900,OIL COUNTRY GOODS,Alloy,A,General
7304295015,1900,OIL COUNTRY GOODS,Non-Alloy (Carbon),C,General
7304295030,1900,OIL COUNTRY GOODS,Non-Alloy (Carbon),C,General
7304295045,1900,OIL COUNTRY GOODS,Non-Alloy (Carbon),C,General
7304295060,1900,OIL COUNTRY GOODS,Non-Alloy (Carbon),C,General
7304295075,1900,OIL COUNTRY GOODS,Non-Alloy (Carbon),C,General
7304296115,1900,OIL COUNTRY GOODS,Alloy,A,General
7304296130,1900,OIL COUNTRY GOODS,Alloy,A,General
7304296145,1900,OIL COUNTRY GOODS,Alloy,A,General
7304296160,1900,OIL COUNTRY GOODS,Alloy,A,General
7304296175,1900,OIL COUNTRY GOODS,Alloy,A,General
7305202000,1900,OIL COUNTRY GOODS,Non-Alloy (Carbon),C,General
7305204000,1900,OIL COUNTRY GOODS,Non-Alloy (Carbon),C,General
7305206000,1900,OIL COUNTRY GOODS,Alloy,A,General
7305208000,1900,OIL COUNTRY GOODS,Alloy,A,General
7306213000,1900,OIL COUNTRY GOODS,Stainless Steel,S,General
7306214000,1900,OIL COUNTRY GOODS,Stainless Steel,S,General
7306218010,1900,OIL COUNTRY GOODS,Stainless Steel,S,General
7306218050,1900,OIL COUNTRY GOODS,Stainless Steel,S,General
7306291030,1900,OIL COUNTRY GOODS,Non-Alloy (Carbon),C,General
7306291090,1900,OIL COUNTRY GOODS,Non-Alloy (Carbon),C,General
7306292000,1900,OIL COUNTRY GOODS,Non-Alloy (Carbon),C,General
7306293100,1900,OIL COUNTRY GOODS,Alloy,A,General
7306294100,1900,OIL COUNTRY GOODS,Alloy,A,General
7306296010,1900,OIL COUNTRY GOODS,Non-Alloy (Carbon),C,General
7306296050,1900,OIL COUNTRY GOODS,Non-Alloy (Carbon),C,General
7306298110,1900,OIL COUNTRY GOODS,Alloy,A,General
7306298150,1900,OIL COUNTRY GOODS,Alloy,A,General
7304110080,2010,LINE PIPE > 16 INCHES IN DIAMETER,Stainless Steel,S,General
7304191080,2010,LINE PIPE > 16 INCHES IN DIAMETER,Non-Alloy (Carbon),C,General
7304195080,2010,LINE PIPE > 16 INCHES IN DIAMETER,Alloy,A,General
7305111030,2010,LINE PIPE > 16 INCHES IN DIAMETER,Non-Alloy (Carbon),C,Section 201
7305111060,2010,LINE PIPE > 16 INCHES IN DIAMETER,Non-Alloy (Carbon),C,Section 201
7305115000,2010,LINE PIPE > 16 INCHES IN DIAMETER,Alloy,A,Section 201
7305121030,2010,LINE PIPE > 16 INCHES IN DIAMETER,Non-Alloy (Carbon),C,Section 201
7305121060,2010,LINE PIPE > 16 INCHES IN DIAMETER,Non-Alloy (Carbon),C,Section 201
7305125000,2010,LINE PIPE > 16 INCHES IN DIAMETER,Alloy,A,Section 201
7305191030,2010,LINE PIPE > 16 INCHES IN DIAMETER,Non-Alloy (Carbon),C,Section 201
7305191060,2010,LINE PIPE > 16 INCHES IN DIAMETER,Non-Alloy (Carbon),C,Section 201
7305195000,2010,LINE PIPE > 16 INCHES IN DIAMETER,Alloy,A,Section 201
7304110020,2020,LINE PIPE <= 16 INCHES IN DIAMETER,Stainless Steel,S,General
7304110050,2020,LINE PIPE <= 16 INCHES IN DIAMETER,Stainless Steel,S,General
7304191020,2020,LINE PIPE <= 16 INCHES IN DIAMETER,Non-Alloy (Carbon),C,General
7304191030,2020,LINE PIPE <= 16 INCHES IN DIAMETER,Non-Alloy (Carbon),C,General
7304191045,2020,LINE PIPE <= 16 INCHES IN DIAMETER,Non-Alloy (Carbon),C,General
7304191060,2020,LINE PIPE <= 16 INCHES IN DIAMETER,Non-Alloy (Carbon),C,General
7304195020,2020,LINE PIPE <= 16 INCHES IN DIAMETER,Alloy,A,General
7304195050,2020,LINE PIPE <= 16 INCHES IN DIAMETER,Alloy,A,General
7306110010,2020,LINE PIPE <= 16 INCHES IN DIAMETER,Stainless Steel,S,General
7306191010,2020,LINE PIPE <= 16 INCHES IN DIAMETER,Non-Alloy (Carbon),C,General
7306195110,2020,LINE PIPE <= 16 INCHES IN DIAMETER,Alloy,A,General
7306110050,2030,LINE PIPE - NOT SPECIFIED,Stainless Steel,S,General
7306191050,2030,LINE PIPE - NOT SPECIFIED,Non-Alloy (Carbon),C,General
7306195150,2030,LINE PIPE - NOT SPECIFIED,Alloy,A,General
7304313000,2100,MECHANICAL TUBING,Non-Alloy (Carbon),C,General
7304316050,2100,MECHANICAL TUBING,Non-Alloy (Carbon),C,General
7304390028,2100,MECHANICAL TUBING,Non-Alloy (Carbon),C,General
7304390032,2100,MECHANICAL TUBING,Non-Alloy (Carbon),C,General
7304390040,2100,MECHANICAL TUBING,Non-Alloy (Carbon),C,General
7304390044,2100,MECHANICAL TUBING,Non-Alloy (Carbon),C,General
7304390052,2100,MECHANICAL TUBING,Non-Alloy (Carbon),C,General
7304390056,2100,MECHANICAL TUBING,Non-Alloy (Carbon),C,General
7304390068,2100,MECHANICAL TUBING,Non-Alloy (Carbon),C,General
7304390072,2100,MECHANICAL TUBING,Non-Alloy (Carbon),C,General
7304511000,2100,MECHANICAL TUBING,Alloy,A,General
7304515060,2100,MECHANICAL TUBING,Alloy,A,General
7304591000,2100,MECHANICAL TUBING,Alloy,A,General
7304596000,2100,MECHANICAL TUBING,Alloy,A,General
7304598020,2100,MECHANICAL TUBING,Alloy,A,General
7304598025,2100,MECHANICAL TUBING,Alloy,A,General
7304598035,2100,MECHANICAL TUBING,Alloy,A,General
7304598040,2100,MECHANICAL TUBING,Alloy,A,General
7304598050,2100,MECHANICAL TUBING,Alloy,A,General
7304598055,2100,MECHANICAL TUBING,Alloy,A,General
7304598065,2100,MECHANICAL TUBING,Alloy,A,General
7304598070,2100,MECHANICAL TUBING,Alloy,A,General
7304905000,2100,MECHANICAL TUBING,Non-Alloy (Carbon),C,General
7304907000,2100,MECHANICAL TUBING,Alloy,A,General
7306301000,2100,MECHANICAL TUBING,Non-Alloy (Carbon),C,Section 201
7306305015,2100,MECHANICAL TUBING,Non-Alloy (Carbon),C,Section 201
7306305020,2100,MECHANICAL TUBING,Non-Alloy (Carbon),C,Section 201
7306305035,2100,MECHANICAL TUBING,Non-Alloy (Carbon),C,Section 201
7306501000,2100,MECHANICAL TUBING,Alloy,A,Section 201
7306505030,2100,MECHANICAL TUBING,Alloy,A,Section 201
7306505050,2100,MECHANICAL TUBING,Alloy,A,Section 201
7306505070,2100,MECHANICAL TUBING,Alloy,A,Section 201
7306615000,2100,MECHANICAL TUBING,Non-Alloy (Carbon),C,Section 201
7306617060,2100,MECHANICAL TUBING,Alloy,A,Section 201
7306695000,2100,MECHANICAL TUBING,Non-Alloy (Carbon),C,Section 201
7306697060,2100,MECHANICAL TUBING,Alloy,A,Section 201
7304316010,2150,PRESSURE TUBING,Non-Alloy (Carbon),C,General
7304390002,2150,PRESSURE TUBING,Non-Alloy (Carbon),C,General
7304390004,2150,PRESSURE TUBING,Non-Alloy (Carbon),C,General
7304390006,2150,PRESSURE TUBING,Non-Alloy (Carbon),C,General
7304390008,2150,PRESSURE TUBING,Non-Alloy (Carbon),C,General
7304515015,2150,PRESSURE TUBING,Alloy,A,General
7304515045,2150,PRESSURE TUBING,Alloy,A,General
7304592030,2150,PRESSURE TUBING,Alloy,A,General
7304592040,2150,PRESSURE TUBING,Alloy,A,General
7304592045,2150,PRESSURE TUBING,Alloy,A,General
7304592055,2150,PRESSURE TUBING,Alloy,A,General
7304592060,2150,PRESSURE TUBING,Alloy,A,General
7304592070,2150,PRESSURE TUBING,Alloy,A,General
7304592080,2150,PRESSURE TUBING,Alloy,A,General
7306305010,2150,PRESSURE TUBING,Non-Alloy (Carbon),C,Section 201
7306505010,2150,PRESSURE TUBING,Alloy,A,Section 201
7304413005,2170,STAINLESS PIPE & TUBING,Stainless Steel,S,General
7304413015,2170,STAINLESS PIPE & TUBING,Stainless Steel,S,General
7304413045,2170,STAINLESS PIPE & TUBING,Stainless Steel,S,General
7304416005,2170,STAINLESS PIPE & TUBING,Stainless Steel,S,General
7304416015,2170,STAINLESS PIPE & TUBING,Stainless Steel,S,General
7304416045,2170,STAINLESS PIPE & TUBING,Stainless Steel,S,General
7304490005,2170,STAINLESS PIPE & TUBING,Stainless Steel,S,General
7304490015,2170,STAINLESS PIPE & TUBING,Stainless Steel,S,General
7304490045,2170,STAINLESS PIPE & TUBING,Stainless Steel,S,General
7304490060,2170,STAINLESS PIPE & TUBING,Stainless Steel,S,General
7306401010,2170,STAINLESS PIPE & TUBING,Stainless Steel,S,General
7306401015,2170,STAINLESS PIPE & TUBING,Stainless Steel,S,General
7306401090,2170,STAINLESS PIPE & TUBING,Stainless Steel,S,General
7306405005,2170,STAINLESS PIPE & TUBING,Stainless Steel,S,General
7306405015,2170,STAINLESS PIPE & TUBING,Stainless Steel,S,General
7306405040,2170,STAINLESS PIPE & TUBING,Stainless Steel,S,General
7306405042,2170,STAINLESS PIPE & TUBING,Stainless Steel,S,General
7306405044,2170,STAINLESS PIPE & TUBING,Stainless Steel,S,General
7306405062,2170,STAINLESS PIPE & TUBING,Stainless Steel,S,General
7306405064,2170,STAINLESS PIPE & TUBING,Stainless Steel,S,General
7306405080,2170,STAINLESS PIPE & TUBING,Stainless Steel,S,General
7306405085,2170,STAINLESS PIPE & TUBING,Stainless Steel,S,General
7306405090,2170,STAINLESS PIPE & TUBING,Stainless Steel,S,General
7306617030,2170,STAINLESS PIPE & TUBING,Stainless Steel,S,General
7306697030,2170,STAINLESS PIPE & TUBING,Stainless Steel,S,General
7304515005,2180,PIPE & TUBING NONCLASSIFIED,Alloy,A,General
7305901000,2180,PIPE & TUBING NONCLASSIFIED,Non-Alloy (Carbon),C,Section 201
7305905000,2180,PIPE & TUBING NONCLASSIFIED,Alloy,A,Section 201
7306901000,2180,PIPE & TUBING NONCLASSIFIED,Non-Alloy (Carbon),C,Section 201
7306905000,2180,PIPE & TUBING NONCLASSIFIED,Alloy,A,Section 201
7304901000,2200,STRUCTURAL PIPE & TUBE,Non-Alloy (Carbon),C,General
7304903000,2200,STRUCTURAL PIPE & TUBE,Alloy,A,General
7305312000,2200,STRUCTURAL PIPE & TUBE,Non-Alloy (Carbon),C,Section 201
7305314000,2200,STRUCTURAL PIPE & TUBE,Non-Alloy (Carbon),C,Section 201
7305316090,2200,STRUCTURAL PIPE & TUBE,Alloy,A,Section 201
7306303000,2200,STRUCTURAL PIPE & TUBE,Non-Alloy (Carbon),C,Section 201
7306503000,2200,STRUCTURAL PIPE & TUBE,Alloy,A,Section 201
7306611000,2200,STRUCTURAL PIPE & TUBE,Non-Alloy (Carbon),C,Section 201
7306613000,2200,STRUCTURAL PIPE & TUBE,Alloy,A,Section 201
7306691000,2200,STRUCTURAL PIPE & TUBE,Non-Alloy (Carbon),C,Section 201
7306693000,2200,STRUCTURAL PIPE & TUBE,Alloy,A,Section 201
7305391000,2250,PIPE FOR PILING,Non-Alloy (Carbon),C,Section 201
7305395000,2250,PIPE FOR PILING,Alloy,A,Section 201
7217101000,2300,WIRE DRAWN,Non-Alloy (Carbon),C,General
7217102000,2300,WIRE DRAWN,Non-Alloy (Carbon),C,General
7217103000,2300,WIRE DRAWN,Non-Alloy (Carbon),C,General
7217104040,2300,WIRE DRAWN,Non-Alloy (Carbon),C,General
7217104045,2300,WIRE DRAWN,Non-Alloy (Carbon),C,General
7217104090,2300,WIRE DRAWN,Non-Alloy (Carbon),C,General
7217105030,2300,WIRE DRAWN,Non-Alloy (Carbon),C,General
7217105090,2300,WIRE DRAWN,Non-Alloy (Carbon),C,General
7217106000,2300,WIRE DRAWN,Non-Alloy (Carbon),C,General
7217107000,2300,WIRE DRAWN,Non-Alloy (Carbon),C,General
7217108010,2300,WIRE DRAWN,Non-Alloy (Carbon),C,General
7217108020,2300,WIRE DRAWN,Non-Alloy (Carbon),C,General
7217108025,2300,WIRE DRAWN,Non-Alloy (Carbon),C,General
7217108030,2300,WIRE DRAWN,Non-Alloy (Carbon),C,General
7217108045,2300,WIRE DRAWN,Non-Alloy (Carbon),C,General
7217108060,2300,WIRE DRAWN,Non-Alloy (Carbon),C,General
7217108075,2300,WIRE DRAWN,Non-Alloy (Carbon),C,General
7217108090,2300,WIRE DRAWN,Non-Alloy (Carbon),C,General
7217109000,2300,WIRE DRAWN,Non-Alloy (Carbon),C,General
7217201500,2300,WIRE DRAWN,Non-Alloy (Carbon),C,General
7217203000,2300,WIRE DRAWN,Non-Alloy (Carbon),C,General
7217204510,2300,WIRE DRAWN,Non-Alloy (Carbon),C,General
7217204520,2300,WIRE DRAWN,Non-Alloy (Carbon),C,General
7217204530,2300,WIRE DRAWN,Non-Alloy (Carbon),C,General
7217204540,2300,WIRE DRAWN,Non-Alloy (Carbon),C,General
7217204550,2300,WIRE DRAWN,Non-Alloy (Carbon),C,General
7217204560,2300,WIRE DRAWN,Non-Alloy (Carbon),C,General
7217204570,2300,WIRE DRAWN,Non-Alloy (Carbon),C,General
7217204580,2300,WIRE DRAWN,Non-Alloy (Carbon),C,General
7217206000,2300,WIRE DRAWN,Non-Alloy (Carbon),C,General
7217207500,2300,WIRE DRAWN,Non-Alloy (Carbon),C,General
7217301530,2300,WIRE DRAWN,Non-Alloy (Carbon),C,General
7217301560,2300,WIRE DRAWN,Non-Alloy (Carbon),C,General
7217303000,2300,WIRE DRAWN,Non-Alloy (Carbon),C,General
7217304504,2300,WIRE DRAWN,Non-Alloy (Carbon),C,General
7217304511,2300,WIRE DRAWN,Non-Alloy (Carbon),C,General
7217304520,2300,WIRE DRAWN,Non-Alloy (Carbon),C,General
7217304530,2300,WIRE DRAWN,Non-Alloy (Carbon),C,General
7217304541,2300,WIRE DRAWN,Non-Alloy (Carbon),C,General
7217304550,2300,WIRE DRAWN,Non-Alloy (Carbon),C,General
7217304560,2300,WIRE DRAWN,Non-Alloy (Carbon),C,General
7217304590,2300,WIRE DRAWN,Non-Alloy (Carbon),C,General
7217306000,2300,WIRE DRAWN,Non-Alloy (Carbon),C,General
7217307500,2300,WIRE DRAWN,Non-Alloy (Carbon),C,General
7217901000,2300,WIRE DRAWN,Non-Alloy (Carbon),C,Section 201
7217905030,2300,WIRE DRAWN,Non-Alloy (Carbon),C,General
7217905060,2300,WIRE DRAWN,Non-Alloy (Carbon),C,General
7217905090,2300,WIRE DRAWN,Non-Alloy (Carbon),C,General
7223001016,2300,WIRE DRAWN,Stainless Steel,S,Section 201
7223001031,2300,WIRE DRAWN,Stainless Steel,S,Section 201
7223001046,2300,WIRE DRAWN,Stainless Steel,S,Section 201
7223001061,2300,WIRE DRAWN,Stainless Steel,S,Section 201
7223001076,2300,WIRE DRAWN,Stainless Steel,S,Section 201
7223005000,2300,WIRE DRAWN,Stainless Steel,S,Section 201
7223009000,2300,WIRE DRAWN,Stainless Steel,S,Section 201
7229200010,2300,WIRE DRAWN,Alloy,A,General
7229200015,2300,WIRE DRAWN,Alloy,A,General
7229200090,2300,WIRE DRAWN,Alloy,A,General
7229901000,2300,WIRE DRAWN,Alloy,A,General
7229905006,2300,WIRE DRAWN,Alloy,A,General
7229905008,2300,WIRE DRAWN,Alloy,A,General
7229905016,2300,WIRE DRAWN,Alloy,A,General
7229905031,2300,WIRE DRAWN,Alloy,A,General
7229905051,2300,WIRE DRAWN,Alloy,A,General
7229909000,2300,WIRE DRAWN,Alloy,A,General
7209182510,2800,BLACK PLATE,Non-Alloy (Carbon),C,Section 201
7209182520,2800,BLACK PLATE,Non-Alloy (Carbon),C,Section 201
7209182580,2800,BLACK PLATE,Non-Alloy (Carbon),C,Section 201
7210110000,2900,TIN PLATE,Non-Alloy (Carbon),C,Section 201
7210120000,2900,TIN PLATE,Non-Alloy (Carbon),C,Section 201
7212100000,2900,TIN PLATE,Non-Alloy (Carbon),C,Section 201
7210500020,2950,TIN FREE STEEL,Non-Alloy (Carbon),C,Section 201
7208106000,3100,SHEETS HOT ROLLED,Non-Alloy (Carbon),C,Section 201
7208260030,3100,SHEETS HOT ROLLED,Non-Alloy (Carbon),C,Section 201
7208260060,3100,SHEETS HOT ROLLED,Non-Alloy (Carbon),C,Section 201
7208270045,3100,SHEETS HOT ROLLED,Non-Alloy (Carbon),C,Section 201
7208270060,3100,SHEETS HOT ROLLED,Non-Alloy (Carbon),C,Section 201
7208380015,3100,SHEETS HOT ROLLED,Non-Alloy (Carbon),C,Section 201
7208380030,3100,SHEETS HOT ROLLED,Non-Alloy (Carbon),C,Section 201
7208380090,3100,SHEETS HOT ROLLED,Non-Alloy (Carbon),C,Section 201
7208390020,3100,SHEETS HOT ROLLED,Non-Alloy (Carbon),C,Section 201
7208390030,3100,SHEETS HOT ROLLED,Non-Alloy (Carbon),C,Section 201
7208390090,3100,SHEETS HOT ROLLED,Non-Alloy (Carbon),C,Section 201
7208406030,3100,SHEETS HOT ROLLED,Non-Alloy (Carbon),C,Section 201
7208406060,3100,SHEETS HOT ROLLED,Non-Alloy (Carbon),C,Section 201
7208530000,3100,SHEETS HOT ROLLED,Non-Alloy (Carbon),C,Section 201
7208540000,3100,SHEETS HOT ROLLED,Non-Alloy (Carbon),C,Section 201
7208900000,3100,SHEETS HOT ROLLED,Non-Alloy (Carbon),C,Section 201
7219130002,3100,SHEETS HOT ROLLED,Stainless Steel,S,General
7219130031,3100,SHEETS HOT ROLLED,Stainless Steel,S,General
7219130051,3100,SHEETS HOT ROLLED,Stainless Steel,S,General
7219130071,3100,SHEETS HOT ROLLED,Stainless Steel,S,General
7219130081,3100,SHEETS HOT ROLLED,Stainless Steel,S,General
7219140030,3100,SHEETS HOT ROLLED,Stainless Steel,S,General
7219140065,3100,SHEETS HOT ROLLED,Stainless Steel,S,General
7219140090,3100,SHEETS HOT ROLLED,Stainless Steel,S,General
7219230030,3100,SHEETS HOT ROLLED,Stainless Steel,S,General
7219230060,3100,SHEETS HOT ROLLED,Stainless Steel,S,General
7219240030,3100,SHEETS HOT ROLLED,Stainless Steel,S,General
7219240060,3100,SHEETS HOT ROLLED,Stainless Steel,S,General
7225307000,3100,SHEETS HOT ROLLED,Alloy,A,Section 201
7225407000,3100,SHEETS HOT ROLLED,Alloy,A,Section 201
7209150000,3200,SHEETS COLD ROLLED,Non-Alloy (Carbon),C,Section 201
7209160040,3200,SHEETS COLD ROLLED,Non-Alloy (Carbon),C,Section 201
7209160060,3200,SHEETS COLD ROLLED,Non-Alloy (Carbon),C,Section 201
7209160070,3200,SHEETS COLD ROLLED,Non-Alloy (Carbon),C,Section 201
7209160091,3200,SHEETS COLD ROLLED,Non-Alloy (Carbon),C,Section 201
7209170040,3200,SHEETS COLD ROLLED,Non-Alloy (Carbon),C,Section 201
7209170060,3200,SHEETS COLD ROLLED,Non-Alloy (Carbon),C,Section 201
7209170070,3200,SHEETS COLD ROLLED,Non-Alloy (Carbon),C,Section 201
7209170091,3200,SHEETS COLD ROLLED,Non-Alloy (Carbon),C,Section 201
7209181530,3200,SHEETS COLD ROLLED,Non-Alloy (Carbon),C,Section 201
7209181560,3200,SHEETS COLD ROLLED,Non-Alloy (Carbon),C,Section 201
7209186020,3200,SHEETS COLD ROLLED,Non-Alloy (Carbon),C,Section 201
7209186090,3200,SHEETS COLD ROLLED,Non-Alloy (Carbon),C,Section 201
7209250000,3200,SHEETS COLD ROLLED,Non-Alloy (Carbon),C,Section 201
7209260000,3200,SHEETS COLD ROLLED,Non-Alloy (Carbon),C,Section 201
7209270000,3200,SHEETS COLD ROLLED,Non-Alloy (Carbon),C,Section 201
7209280000,3200,SHEETS COLD ROLLED,Non-Alloy (Carbon),C,Section 201
7209900000,3200,SHEETS COLD ROLLED,Non-Alloy (Carbon),C,Section 201
7210703000,3200,SHEETS COLD ROLLED,Non-Alloy (Carbon),C,Section 201
7219320005,3200,SHEETS COLD ROLLED,Stainless Steel,S,General
7219320020,3200,SHEETS COLD ROLLED,Stainless Steel,S,General
7219320025,3200,SHEETS COLD ROLLED,Stainless Steel,S,General
7219320035,3200,SHEETS COLD ROLLED,Stainless Steel,S,General
7219320036,3200,SHEETS COLD ROLLED,Stainless Steel,S,General
7219320038,3200,SHEETS COLD ROLLED,Stainless Steel,S,General
7219320042,3200,SHEETS COLD ROLLED,Stainless Steel,S,General
7219320044,3200,SHEETS COLD ROLLED,Stainless Steel,S,General
7219320045,3200,SHEETS COLD ROLLED,Stainless Steel,S,General
7219320060,3200,SHEETS COLD ROLLED,Stainless Steel,S,General
7219330005,3200,SHEETS COLD ROLLED,Stainless Steel,S,General
7219330020,3200,SHEETS COLD ROLLED,Stainless Steel,S,General
7219330025,3200,SHEETS COLD ROLLED,Stainless Steel,S,General
7219330035,3200,SHEETS COLD ROLLED,Stainless Steel,S,General
7219330036,3200,SHEETS COLD ROLLED,Stainless Steel,S,General
7219330038,3200,SHEETS COLD ROLLED,Stainless Steel,S,General
7219330042,3200,SHEETS COLD ROLLED,Stainless Steel,S,General
7219330044,3200,SHEETS COLD ROLLED,Stainless Steel,S,General
7219330045,3200,SHEETS COLD ROLLED,Stainless Steel,S,General
7219330070,3200,SHEETS COLD ROLLED,Stainless Steel,S,General
7219330080,3200,SHEETS COLD ROLLED,Stainless Steel,S,General
7219340005,3200,SHEETS COLD ROLLED,Stainless Steel,S,General
7219340020,3200,SHEETS COLD ROLLED,Stainless Steel,S,General
7219340025,3200,SHEETS COLD ROLLED,Stainless Steel,S,General
7219340030,3200,SHEETS COLD ROLLED,Stainless Steel,S,General
7219340035,3200,SHEETS COLD ROLLED,Stainless Steel,S,General
7219340050,3200,SHEETS COLD ROLLED,Stainless Steel,S,General
7219350005,3200,SHEETS COLD ROLLED,Stainless Steel,S,General
7219350015,3200,SHEETS COLD ROLLED,Stainless Steel,S,General
7219350030,3200,SHEETS COLD ROLLED,Stainless Steel,S,General
7219350035,3200,SHEETS COLD ROLLED,Stainless Steel,S,General
7219350050,3200,SHEETS COLD ROLLED,Stainless Steel,S,General
7219900010,3200,SHEETS COLD ROLLED,Stainless Steel,S,General
7219900020,3200,SHEETS COLD ROLLED,Stainless Steel,S,General
7219900025,3200,SHEETS COLD ROLLED,Stainless Steel,S,General
7219900060,3200,SHEETS COLD ROLLED,Stainless Steel,S,General
7219900080,3200,SHEETS COLD ROLLED,Stainless Steel,S,General
7225507000,3200,SHEETS COLD ROLLED,Alloy,A,Section 201
7225508010,3200,SHEETS COLD ROLLED,Alloy,A,Section 201
7225508080,3200,SHEETS COLD ROLLED,Alloy,A,Section 201
7225990010,3200,SHEETS COLD ROLLED,Alloy,A,Section 201
7225990090,3200,SHEETS COLD ROLLED,Alloy,A,Section 201
7210410000,3300,SHEETS & STRIP GALV HOT DIPPED,Non-Alloy (Carbon),C,Section 201
7210490040,3300,SHEETS & STRIP GALV HOT DIPPED,Non-Alloy (Carbon),C,Section 201
7210490091,3300,SHEETS & STRIP GALV HOT DIPPED,Non-Alloy (Carbon),C,Section 201
7210706060,3300,SHEETS & STRIP GALV HOT DIPPED,Non-Alloy (Carbon),C,Section 201
7212301030,3300,SHEETS & STRIP GALV HOT DIPPED,Non-Alloy (Carbon),C,Section 201
7212301090,3300,SHEETS & STRIP GALV HOT DIPPED,Non-Alloy (Carbon),C,Section 201
7212303000,3300,SHEETS & STRIP GALV HOT DIPPED,Non-Alloy (Carbon),C,Section 201
7212305000,3300,SHEETS & STRIP GALV HOT DIPPED,Non-Alloy (Carbon),C,Section 201
7225920000,3300,SHEETS & STRIP GALV HOT DIPPED,Alloy,A,Section 201
7226990130,3300,SHEETS & STRIP GALV HOT DIPPED,Alloy,A,Section 201
7210300030,3350,SHEETS & STRIPS GALV ELECTROLYT,Non-Alloy (Carbon),C,Section 201
7210300060,3350,SHEETS & STRIPS GALV ELECTROLYT,Non-Alloy (Carbon),C,Section 201
7210706030,3350,SHEETS & STRIPS GALV ELECTROLYT,Non-Alloy (Carbon),C,Section 201
7212200000,3350,SHEETS & STRIPS GALV ELECTROLYT,Non-Alloy (Carbon),C,Section 201
7225910000,3350,SHEETS & STRIPS GALV ELECTROLYT,Alloy,A,Section 201
7226990110,3350,SHEETS & STRIPS GALV ELECTROLYT,Alloy,A,Section 201
7210200000,3400,SHEETS & STRIPS ALL OTHER METAL,Non-Alloy (Carbon),C,Section 201
7210610000,3400,SHEETS & STRIPS ALL OTHER METAL,Non-Alloy (Carbon),C,Section 201
7210690000,3400,SHEETS & STRIPS ALL OTHER METAL,Non-Alloy (Carbon),C,Section 201
7210706090,3400,SHEETS & STRIPS ALL OTHER METAL,Non-Alloy (Carbon),C,Section 201
7210906000,3400,SHEETS & STRIPS ALL OTHER METAL,Non-Alloy (Carbon),C,Section 201
7210909000,3400,SHEETS & STRIPS ALL OTHER METAL,Non-Alloy (Carbon),C,Section 201
7212500000,3400,SHEETS & STRIPS ALL OTHER METAL,Non-Alloy (Carbon),C,Section 201
7212600000,3400,SHEETS & STRIPS ALL OTHER METAL,Non-Alloy (Carbon),C,Section 201
7225110000,3500,SHEETS & STRIPS - ELECTRICAL,Alloy,A,General
7225190000,3500,SHEETS & STRIPS - ELECTRICAL,Alloy,A,Section 201
7226111000,3500,SHEETS & STRIPS - ELECTRICAL,Alloy,A,General
7226119030,3500,SHEETS & STRIPS - ELECTRICAL,Alloy,A,General
7226119060,3500,SHEETS & STRIPS - ELECTRICAL,Alloy,A,General
7226191000,3500,SHEETS & STRIPS - ELECTRICAL,Alloy,A,Section 201
7226199000,3500,SHEETS & STRIPS - ELECTRICAL,Alloy,A,Section 201
7211191500,3600,STRIP - HOT ROLLED,Non-Alloy (Carbon),C,Section 201
7211192000,3600,STRIP - HOT ROLLED,Non-Alloy (Carbon),C,Section 201
7211193000,3600,STRIP - HOT ROLLED,Non-Alloy (Carbon),C,Section 201
7211194500,3600,STRIP - HOT ROLLED,Non-Alloy (Carbon),C,Section 201
7211196000,3600,STRIP - HOT ROLLED,Non-Alloy (Carbon),C,Section 201
7211197530,3600,STRIP - HOT ROLLED,Non-Alloy (Carbon),C,Section 201
7211197560,3600,STRIP - HOT ROLLED,Non-Alloy (Carbon),C,Section 201
7211197590,3600,STRIP - HOT ROLLED,Non-Alloy (Carbon),C,Section 201
7220121000,3600,STRIP - HOT ROLLED,Stainless Steel,S,General
7220125000,3600,STRIP - HOT ROLLED,Stainless Steel,S,General
7226917000,3600,STRIP - HOT ROLLED,Alloy,A,Section 201
7226918000,3600,STRIP - HOT ROLLED,Alloy,A,Section 201
7211231500,3700,STRIP - COLD ROLLED,Non-Alloy (Carbon),C,Section 201
7211232000,3700,STRIP - COLD ROLLED,Non-Alloy (Carbon),C,Section 201
7211233000,3700,STRIP - COLD ROLLED,Non-Alloy (Carbon),C,Section 201
7211234500,3700,STRIP - COLD ROLLED,Non-Alloy (Carbon),C,Section 201
7211236030,3700,STRIP - COLD ROLLED,Non-Alloy (Carbon),C,Section 201
7211236060,3700,STRIP - COLD ROLLED,Non-Alloy (Carbon),C,Section 201
7211236090,3700,STRIP - COLD ROLLED,Non-Alloy (Carbon),C,Section 201
7211292030,3700,STRIP - COLD ROLLED,Non-Alloy (Carbon),C,Section 201
7211292090,3700,STRIP - COLD ROLLED,Non-Alloy (Carbon),C,Section 201
7211294500,3700,STRIP - COLD ROLLED,Non-Alloy (Carbon),C,Section 201
7211296030,3700,STRIP - COLD ROLLED,Non-Alloy (Carbon),C,Section 201
7211296080,3700,STRIP - COLD ROLLED,Non-Alloy (Carbon),C,Section 201
7211900000,3700,STRIP - COLD ROLLED,Non-Alloy (Carbon),C,Section 201
7212401000,3700,STRIP - COLD ROLLED,Non-Alloy (Carbon),C,Section 201
7212405000,3700,STRIP - COLD ROLLED,Non-Alloy (Carbon),C,Section 201
7220201010,3700,STRIP - COLD ROLLED,Stainless Steel,S,General
7220201015,3700,STRIP - COLD ROLLED,Stainless Steel,S,General
7220201060,3700,STRIP - COLD ROLLED,Stainless Steel,S,General
7220201080,3700,STRIP - COLD ROLLED,Stainless Steel,S,General
7220206005,3700,STRIP - COLD ROLLED,Stainless Steel,S,General
7220206010,3700,STRIP - COLD ROLLED,Stainless Steel,S,General
7220206015,3700,STRIP - COLD ROLLED,Stainless Steel,S,General
7220206060,3700,STRIP - COLD ROLLED,Stainless Steel,S,General
7220206080,3700,STRIP - COLD ROLLED,Stainless Steel,S,General
7220207005,3700,STRIP - COLD ROLLED,Stainless Steel,S,General
7220207010,3700,STRIP - COLD ROLLED,Stainless Steel,S,General
7220207015,3700,STRIP - COLD ROLLED,Stainless Steel,S,General
7220207060,3700,STRIP - COLD ROLLED,Stainless Steel,S,General
7220207080,3700,STRIP - COLD ROLLED,Stainless Steel,S,General
7220208000,3700,STRIP - COLD ROLLED,Stainless Steel,S,General
7220209030,3700,STRIP - COLD ROLLED,Stainless Steel,S,General
7220209060,3700,STRIP - COLD ROLLED,Stainless Steel,S,General
7220900010,3700,STRIP - COLD ROLLED,Stainless Steel,S,General
7220900015,3700,STRIP - COLD ROLLED,Stainless Steel,S,General
7220900060,3700,STRIP - COLD ROLLED,Stainless Steel,S,General
7220900080,3700,STRIP - COLD ROLLED,Stainless Steel,S,General
7226925000,3700,STRIP - COLD ROLLED,Alloy,A,Section 201
7226927005,3700,STRIP - COLD ROLLED,Alloy,A,Section 201
7226927050,3700,STRIP - COLD ROLLED,Alloy,A,Section 201
7226928005,3700,STRIP - COLD ROLLED,Alloy,A,Section 201
7226928050,3700,STRIP - COLD ROLLED,Alloy,A,Section 201
7226990180,3700,STRIP - COLD ROLLED,Alloy,A,Section 201
7302101065,4100,RAILS - USED,Non-Alloy (Carbon),C,Section 201
7302101075,4100,RAILS - USED,Non-Alloy (Carbon),C,Section 201
7302105040,4100,RAILS - USED,Alloy,A,Section 201
7302105060,4100,RAILS - USED,Alloy,A,Section 201
7302909000,4200,RAILS - USED,Non-Alloy (Carbon),C,Section 201
