Shipper,Consignee,Port of Lading,Port of Unlading,HS Code,Count,tons
Seah Coated Metal Corp.,Pusan Pipe America Inc.,"Busan, South Korea","Tampa, Florida",Classified: 7210.61,2,311.66
,Summit Global Trading,"Kaohsiung, Taiwan","Tampa, Florida",Classified: 7210.70,3,735.71
,Optima Steel International Llc,"Kaohsiung, Taiwan","Tampa, Florida",Classified: 7210.70,14,567.3
"Yieh Phui Enterprise Co., Ltd.",Mizuho Bank Ltd.,"Kaohsiung, Taiwan","Port of Vancouver USA, Vancouver, Washington",Classified: 7210.70,4,218.23
,Central Steel And Wire Co.,"Algoma, Ont, Canada","Illinois International Port District, Chicago, Illinois",Classified: 7219.33,17,8286.98
Hyundai Steel Co.,Hyundai Steel Co.,"All Other South Korea Ports, South Korea","Alabama State Port Authority, Mobile, Alabama",Classified: 7219.90,10,7146.88
Hyundai Steel Co.,Hyundai Steel Co.,"All Other South Korea Ports, South Korea","Alabama State Port Authority, Mobile, Alabama",Classified: 7210.49,11,20570.02
Hyundai Steel Co.,Hyundai Steel America Inc.,"All Other South Korea Ports, South Korea","Alabama State Port Authority, Mobile, Alabama",Classified: 7308.90,2,81.69
Hyundai Steel Co.,Hyundai Steel Co.,"Kwangyang, South Korea","Alabama State Port Authority, Mobile, Alabama",Classified: 7210.49,8,13681.82
Hyundai Steel Co.,Hyundai Steel Co.,"Kwangyang, South Korea","Alabama State Port Authority, Mobile, Alabama",Classified: 7219.90,4,2510.05
,Bmo Bank N.A.,"Kuantan, Malaysia","Houston, Houston, Texas",Classified: 7210.49,2,2442.83
,,"Osaka, Japan","Houston, Houston, Texas",Classified: 7210.70,31,1759.76
Jfe Shoji Trade Corp.,Jfe Shoji Trade America Inc.,"Osaka, Japan","Houston, Houston, Texas",Classified: 7210.70,47,6261.95
Sumitomo Corporation,Summit Global Trading,"Osaka, Japan","Houston, Houston, Texas",Classified: 7210.70,3,609.96
Hyundai Steel Co.,Hyundai Glovis Mexico S De Rl De Cv,"All Other South Korea Ports, South Korea","Tampa, Florida",Classified: 7209.17,2,1018.18
Hyundai Steel Co.,Hyundai Glovis Mexico S De Rl De Cv,"All Other South Korea Ports, South Korea","Tampa, Florida",Classified: 7210.49,3,5763.55
"Yieh Phui Enterprise Co., Ltd.",Mizuho Bank Ltd.,"Kaohsiung, Taiwan","The Port of Los Angeles, Los Angeles, California",Classified: 7210.70,10,762.53
,Summit Global Trading,"Kaohsiung, Taiwan","Philadelphia Regional Port Authority, Philadelphia, Pennsylvania",Classified: 7210.70,1,96.1
"Mitsui & Co., Ltd.",Symbol Technologies Inc. Mos,"Osaka, Japan","Port of New Orleans, New Orleans, Louisiana",Classified: 7210.70,51,3840.41
"Hanwa Co., Ltd.",San Diego Vista Steel Service Corp.,"Osaka, Japan","Port of Long Beach, Long Beach, California",Classified: 7210.70,10,1206.91
,Jfe Shoji Steel De Mexico,"Osaka, Japan","Port of Long Beach, Long Beach, California",Classified: 7210.70,14,2588.67
,,"Osaka, Japan","Port of Long Beach, Long Beach, California",Classified: 7210.70,60,9178.98
Sumitomo Corporation,Summit Global Trading,"Osaka, Japan","Port of Long Beach, Long Beach, California",Classified: 7210.70,1,41.18
Sumitomo Corporation,Accuride International Sa De Cv,"Osaka, Japan","Port of Long Beach, Long Beach, California",Classified: 7210.70,9,1010.2
Marubeni Itochu Steel Inc.,Mi Metal Processing Mexicana Sa De,"Osaka, Japan","Port of Long Beach, Long Beach, California",Classified: 7210.70,2,258.78
Metal One Corp.,Aa Alfredo Valdez Gomez,"Osaka, Japan","Port of Long Beach, Long Beach, California",Classified: 7210.70,2,87.67
Metal One Corp.,Gonvauto Puebla Sa De Cv,"Osaka, Japan","Port of Long Beach, Long Beach, California",Classified: 7210.70,1,45.15
,Toyota Tsusho De Mexico,"Osaka, Japan","Port of Long Beach, Long Beach, California",Classified: 7210.70,1,61.43
Sumitomo Corporation,Summit Global Trading,"Osaka, Japan","Wilmington, Wilmington, North Carolina",Classified: 7210.70,32,2862.79
Marubeni Itochu Steel Inc.,Marubeni Itochu Steel America Inc.,"Osaka, Japan","Wilmington, Wilmington, North Carolina",Classified: 7210.70,29,1703.12
Hyundai Steel Co.,Hyundai Steel Georgia,"Pyongtaek, South Korea","Alabama State Port Authority, Mobile, Alabama",Classified: 7209.18,1,33.77
Hyundai Steel Co.,Hyundai Steel Georgia,"Pyongtaek, South Korea","Alabama State Port Authority, Mobile, Alabama",Classified: 7210.70,2,430.8
Hyundai Steel Co.,Hyundai Steel America Inc.,"Pyongtaek, South Korea","Alabama State Port Authority, Mobile, Alabama",Classified: 7210.70,2,4745.37
Hyundai Steel Co.,Hyundai Steel Georgia,"Kwangyang, South Korea","Alabama State Port Authority, Mobile, Alabama",Classified: 7210.70,1,218.1
Hyundai Steel Co.,Hyundai Steel America Inc.,"Kwangyang, South Korea","Alabama State Port Authority, Mobile, Alabama",Classified: 7210.70,1,2917.06
"Mitsui & Co., Ltd.",Mitsui & Co Usa,"Nagoya, Japan","Philadelphia Regional Port Authority, Philadelphia, Pennsylvania",Classified: 7210.70,61,19308.08
Honda Trading Corporation,Honda Trading America Corporation,"Yawata, Japan","Philadelphia Regional Port Authority, Philadelphia, Pennsylvania",Classified: 7210.70,7,3819.23
"Changshin Steel Co., Ltd.",Cs Automotive Tubing Co.,"Yawata, Japan","Philadelphia Regional Port Authority, Philadelphia, Pennsylvania",Classified: 7210.70,8,1635.99
Marubeni Itochu Steel Inc.,Marubeni Itochu Steel Canada,"Yawata, Japan","Philadelphia Regional Port Authority, Philadelphia, Pennsylvania",Classified: 7210.70,7,1504.67
"Nippon Steel Trading Co., Ltd.",Jfe Shoji Power Canada,"Yawata, Japan","Philadelphia Regional Port Authority, Philadelphia, Pennsylvania",Classified: 7210.70,12,6119.27
"Mitsui & Co., Ltd.",Mitsui & Co (Canada) Ltd.,"Yawata, Japan","Philadelphia Regional Port Authority, Philadelphia, Pennsylvania",Classified: 7210.70,53,12680.97
Sumitomo Corporation,Sumitomo Canada Ltd.,"Hirohata, Japan","Philadelphia Regional Port Authority, Philadelphia, Pennsylvania",Classified: 7210.70,1,107.35
"Mitsui & Co., Ltd.",Mitsui & Co (Canada) Ltd.,"Hirohata, Japan","Philadelphia Regional Port Authority, Philadelphia, Pennsylvania",Classified: 7210.70,9,4056.35
,,"Osaka, Japan","Philadelphia Regional Port Authority, Philadelphia, Pennsylvania",Classified: 7210.70,14,542.89
Honda Trading Corporation,Honda Trading America Corporation,"Osaka, Japan","Philadelphia Regional Port Authority, Philadelphia, Pennsylvania",Classified: 7210.70,4,173.93
Marubeni Itochu Steel Inc.,Marubeni Itochu Steel America Inc.,"Osaka, Japan","Philadelphia Regional Port Authority, Philadelphia, Pennsylvania",Classified: 7210.70,8,206.09
Metal One Corp.,,"Osaka, Japan","Philadelphia Regional Port Authority, Philadelphia, Pennsylvania",Classified: 7210.70,26,2639.72
Marubeni Itochu Steel Inc.,Jfe Shoji Power Canada,"Osaka, Japan","Philadelphia Regional Port Authority, Philadelphia, Pennsylvania",Classified: 7210.70,9,2034.31
Jfe Shoji Trade Corp.,Jfe Shoji Power Canada,"Osaka, Japan","Philadelphia Regional Port Authority, Philadelphia, Pennsylvania",Classified: 7210.70,11,8994.43
"Mitsui & Co., Ltd.",Mitsui & Co (Canada) Ltd.,"Osaka, Japan","Philadelphia Regional Port Authority, Philadelphia, Pennsylvania",Classified: 7210.70,58,5839.98
,,"Nagoya, Japan","Philadelphia Regional Port Authority, Philadelphia, Pennsylvania",Classified: 7210.70,7,2307.7
"Nippon Steel Trading Co., Ltd.",Nippon Steel Trading Americas,"Nagoya, Japan","Philadelphia Regional Port Authority, Philadelphia, Pennsylvania",Classified: 7210.70,3,495.02
,,"Mizushima, Japan","The Port of Brownsville, Brownsville, Texas",Classified: 7210.70,4,17307.19
,Summit Global Trading,"Kaohsiung, Taiwan","Port of New Orleans, New Orleans, Louisiana",Classified: 7210.70,5,2623.74
,Summit Global Trading,"Kaohsiung, Taiwan","Port of New Orleans, New Orleans, Louisiana",Classified: 7210.61,1,338.04
,Optima Steel International Llc,"Kaohsiung, Taiwan","Port of New Orleans, New Orleans, Louisiana",Classified: 7210.61,38,3033.91
,Optima Steel International Llc,"Kaohsiung, Taiwan","Port of New Orleans, New Orleans, Louisiana",Classified: 7210.70,5,344.23
Hyundai Steel Co.,Hyundai Steel Georgia,"Kwangyang, South Korea","Port of Brunswick, Brunswick, Georgia",Classified: 7210.49,1,87.45
Sumisho Metalex Corp.,Summit Global Trading,"Osaka, Japan","Port of Long Beach, Long Beach, California",Classified: 7210.70,1,20.26
"Hanwa Co., Ltd.",Hanwa American Corp.,"Osaka, Japan","Port of Long Beach, Long Beach, California",Classified: 7210.70,1,27.14
Jfe Shoji Trade Corp.,Elite Data Solutions Inc.,"Osaka, Japan","Port of Long Beach, Long Beach, California",Classified: 7210.70,2,248.47
"Nippon Steel Trading Co., Ltd.",Nippon Steel Trading Mexico S.A. D,"Hirohata, Japan","Port of Long Beach, Long Beach, California",Classified: 7210.70,2,5998.72
"Hanwa Co., Ltd.",Hanwa Steel Service Mexicana,"Hirohata, Japan","Port of Long Beach, Long Beach, California",Classified: 7210.70,7,2736.14
Canox Corporation,Bmc Mexico Auto Parts,"Hirohata, Japan","Port of Long Beach, Long Beach, California",Classified: 7210.70,3,1182.18
Metal One Corp.,Aa Alfredo Valdez Gomez,"Hirohata, Japan","Port of Long Beach, Long Beach, California",Classified: 7210.70,4,288.57
Marubeni Itochu Steel Inc.,Marubeni Itochu Steel Mexico Sa De,"Hirohata, Japan","Port of Long Beach, Long Beach, California",Classified: 7210.70,4,6580.35
Samsung C&T Japan Corp.,Conduit S.A. De C.V.,"Hirohata, Japan","Port of Long Beach, Long Beach, California",Classified: 7210.70,1,1856.45
Sumitomo Corporation,Servilamina Summit Mexicana,"Hirohata, Japan","Port of Long Beach, Long Beach, California",Classified: 7210.70,7,6734.88
Hoa Phat Dung Quat Steel Jsc,Mizuho Bank Ltd.,"All Other Viet Nam Ports, Vietnam","Houston, Houston, Texas",Classified: 7212.50,1,775.23
Noatum Logistics,Brazil Wind Logistics Agenciamento,"Altamira, Mexico","Jacksonville, Florida",Classified: 3920.10,1,229.2
"Prosperity Tieh Enterprise Co., Ltd.",Duferco Steel Llc.,"Kaohsiung, Taiwan","Houston, Houston, Texas",Classified: 7210.70,1,452.29
,Optima Steel International Llc,"Kaohsiung, Taiwan","Houston, Houston, Texas",Classified: 7210.70,14,1974.53
Hyundai Steel Co.,Hyundai Glovis Mexico S De Rl De Cv,"Pyongtaek, South Korea","Houston, Houston, Texas",Classified: 7225.92,3,4718.61
Hyundai Steel Co.,Hyundai Glovis Mexico S De Rl De Cv,"Pyongtaek, South Korea","Houston, Houston, Texas",Classified: 7210.49,1,2510.94
Hyundai Steel Co.,Hyundai Glovis Mexico S De Rl De Cv,"Pyongtaek, South Korea","Houston, Houston, Texas",Classified: 7209.18,1,357.49
Marubeni Itochu Steel Inc.,Marubeni Itochu Steel America Inc.,"Osaka, Japan","Houston, Houston, Texas",Classified: 7210.70,10,1842.77
Sumitomo Corporation,Summit Global Trading,"Osaka, Japan","Philadelphia Regional Port Authority, Philadelphia, Pennsylvania",Classified: 7210.70,17,2483.74
Marubeni Itochu Steel Inc.,Marubeni Itochu Steel America Inc.,"Yawata, Japan","Philadelphia Regional Port Authority, Philadelphia, Pennsylvania",Classified: 7210.70,2,161.22
Sumitomo Corporation,Sumitomo Canada Ltd.,"Yawata, Japan","Philadelphia Regional Port Authority, Philadelphia, Pennsylvania",Classified: 7210.70,5,753.5
"Nippon Steel Trading Co., Ltd.",Tempel Steel Co.,"Yawata, Japan","Philadelphia Regional Port Authority, Philadelphia, Pennsylvania",Classified: 7210.70,2,222.79
"Nippon Steel Trading Co., Ltd.",Nippon Steel Trading Americas,"Yawata, Japan","Philadelphia Regional Port Authority, Philadelphia, Pennsylvania",Classified: 7210.70,1,44.25
"Mitsui & Co., Ltd.",Mitsui & Co Usa,"Yawata, Japan","Philadelphia Regional Port Authority, Philadelphia, Pennsylvania",Classified: 7210.70,1,17.49
"Nippon Steel Trading Co., Ltd.",Tempel Steel Co.,"Hirohata, Japan","Philadelphia Regional Port Authority, Philadelphia, Pennsylvania",Classified: 7210.70,1,303.43
Jfe Shoji Trade Corp.,Kentucky Steel Center Inc.,"Osaka, Japan","Port of New Orleans, New Orleans, Louisiana",Classified: 7210.70,4,99.64
"Nippon Steel Trading Co., Ltd.",Nippon Steel Trading Americas,"Osaka, Japan","Port of New Orleans, New Orleans, Louisiana",Classified: 7210.70,5,2368.26
"Qingdao Qinyuan Group Co., Ltd.",Linea Comercial Trarrow Sa De Cv,"All Other Peoples Republic of China Ports, China","Houston, Houston, Texas",Classified: 7308.90,1,222.9
Posco,Posco International America Corp.,"Pohang, South Korea","Port Of Cleveland, Cleveland, Ohio",Classified: 7219.90,1,38.45
"Tung Mung Development Co., Ltd.","Tung Mung Development Co., Ltd.","Kaohsiung, Taiwan","Houston, Houston, Texas",Classified: 7219.33,7,270.78
"Dongbu Steel Co., Ltd.",Kg Steel Usa Inc.,"All Other South Korea Ports, South Korea","Tampa, Florida",Classified: 7210.70,1,68.47
,,"Kaohsiung, Taiwan","Tampa, Florida",Classified: 7210.70,3,408.65
Metal One Corp.,Aa Alfredo Valdez Gomez,"Kimitsu, Japan","Port of Long Beach, Long Beach, California",Classified: 7210.70,11,4722.81
Metal One Corp.,A.A. Guillermo Woodward Rojas,"Kimitsu, Japan","Port of Long Beach, Long Beach, California",Classified: 7210.70,3,1253.1
Metal One Corp.,Nissin Mexicana,"Kimitsu, Japan","Port of Long Beach, Long Beach, California",Classified: 7210.70,2,83.35
Sumitomo Corporation,Servilamina Summit Mexicana,"Kimitsu, Japan","Port of Long Beach, Long Beach, California",Classified: 7210.70,6,522.96
"Hanwa Co., Ltd.",Hanwa Steel Service Mexicana,"Kimitsu, Japan","Port of Long Beach, Long Beach, California",Classified: 7210.70,2,112.66
Honda Trading Corporation,Honda Trading De Mexico Sa De Cv,"Kimitsu, Japan","Port of Long Beach, Long Beach, California",Classified: 7210.70,1,215.26
Marubeni Itochu Steel Inc.,Mi Metal Processing Mexicana Sa De,"Kimitsu, Japan","Port of Long Beach, Long Beach, California",Classified: 7210.70,2,105.27
Marubeni Itochu Steel Inc.,Marubeni Itochu Steel Mexico Sa De,"Kimitsu, Japan","Port of Long Beach, Long Beach, California",Classified: 7210.70,1,21.69
"Nippon Steel Trading Co., Ltd.",Aguacalientes Steel Coil Mexico,"Kimitsu, Japan","Port of Long Beach, Long Beach, California",Classified: 7210.70,3,92.44
Sumitomo Corporation,Gonvauto Puebla Sa De Cv,"Kimitsu, Japan","Port of Long Beach, Long Beach, California",Classified: 7210.70,1,17.78
"Hanwa Co., Ltd.",Hanwa Steel Service Mexicana,"Higashi Harima, Japan","Port of Long Beach, Long Beach, California",Classified: 7210.70,3,1524.71
Marubeni Itochu Steel Inc.,Mi Metal Processing Mexicana Sa De,"Higashi Harima, Japan","Port of Long Beach, Long Beach, California",Classified: 7210.70,2,505.44
"Mitsui & Co., Ltd.",Mitsui De Mexico S.De R.L De C.V,"Higashi Harima, Japan","Port of Long Beach, Long Beach, California",Classified: 7210.70,2,20.54
"Toyo Kihan Co., Ltd.",Mitsubishi Logistics America,"Osaka, Japan","Port of Stockton, Stockton, California",Classified: 7210.70,6,23044.41
China Steel Corporation,China Steel Corporation,"Kaohsiung, Taiwan","The Port of Los Angeles, Los Angeles, California",Classified: 7219.90,1,407.28
Maruichi Sun Steel Jsc,Maruichi Sun Steel Jsc,"All Other Viet Nam Ports, Vietnam","The Port of Los Angeles, Los Angeles, California",Classified: 7210.70,3,596.04
Maruichi Sun Steel Jsc,Asbestos Y Aceros Recubiertos Sa De,"All Other Viet Nam Ports, Vietnam","The Port of Los Angeles, Los Angeles, California",Classified: 7210.70,3,2356.23
Jfe Shoji Trade Corp.,Jfe Shoji Trade America Inc.,"Kasaoka, Japan","Port of New Orleans, New Orleans, Louisiana",Classified: 7210.70,5,10110.86
"Toyo Kihan Co., Ltd.",Mitsubishi Logistics America,"Osaka, Japan","Port of Stockton, Stockton, California",Classified: 2825.20,1,5058.08
"Mitsui & Co., Ltd.",Mitsui De Mexico S.De R.L De C.V,"Oita, Japan","Port of Stockton, Stockton, California",Classified: 7210.70,3,630.7
"Mitsui & Co., Ltd.",China Metal Co. Inc.,"Oita, Japan","Port of Stockton, Stockton, California",Classified: 7210.70,1,13.35
Honda Trading Corporation,Honda Trading De Mexico Sa De Cv,"Oita, Japan","Port of Stockton, Stockton, California",Classified: 7210.70,3,278.29
"Nippon Steel Trading Co., Ltd.",Aguacalientes Steel Coil Mexico,"Oita, Japan","Port of Stockton, Stockton, California",Classified: 7210.70,2,194.17
Sumitomo Corporation,Gonvauto Puebla Sa De Cv,"Oita, Japan","Port of Stockton, Stockton, California",Classified: 7210.70,3,794.52
Sumitomo Corporation,Aa Alfredo Valdez Gomez,"Oita, Japan","Port of Stockton, Stockton, California",Classified: 7210.70,2,412.55
Marubeni Itochu Steel Inc.,Mi Metal Processing Mexicana Sa De,"Oita, Japan","Port of Stockton, Stockton, California",Classified: 7210.70,3,202.07
Samsung C&T Japan Corp.,Flexometal Sa De Cv,"Oita, Japan","Port of Stockton, Stockton, California",Classified: 7210.70,2,989.99
Metal One Corp.,Aa Alfredo Valdez Gomez,"Oita, Japan","Port of Stockton, Stockton, California",Classified: 7210.70,6,2016.22
Metal One Corp.,A.A. Guillermo Woodward Rojas,"Oita, Japan","Port of Stockton, Stockton, California",Classified: 7210.70,2,26.51
Metal One Corp.,Aa Alfredo Valdez Gomez,"Kashima, Japan","Port of Stockton, Stockton, California",Classified: 7210.70,3,759.14
"Hanwa Co., Ltd.",Hanwa Steel Service Mexicana,"Kashima, Japan","Port of Stockton, Stockton, California",Classified: 7210.70,2,26.3
Sumitomo Corporation,Servilamina Summit Mexicana,"Kashima, Japan","Port of Stockton, Stockton, California",Classified: 7210.70,4,1299.05
"Nippon Steel Trading Co., Ltd.",Aguacalientes Steel Coil Mexico,"Kashima, Japan","Port of Stockton, Stockton, California",Classified: 7210.70,4,347.01
Marubeni Itochu Steel Inc.,Mi Metal Processing Mexicana Sa De,"Kashima, Japan","Port of Stockton, Stockton, California",Classified: 7210.70,1,1.66
Marubeni Itochu Steel Inc.,Marubeni Itochu Steel Mexico Sa De,"Kashima, Japan","Port of Stockton, Stockton, California",Classified: 7210.70,2,557.76
,Jfe Shoji Steel De Mexico,"Kashima, Japan","Port of Stockton, Stockton, California",Classified: 7210.70,1,1436.51
Posco,Posco America Corp.,"Pohang, South Korea","Port of New Orleans, New Orleans, Louisiana",Classified: 7219.33,1,136.65
Posco,Posco America,"Kwangyang, South Korea","Houston, Houston, Texas",Classified: 7219.12,18,8483.59
Usinas Siderurgicas De Minas Gerais,Ternium International Usa Corp.,"All Other Brazil Ports South Of Recife, Brazil","Houston, Houston, Texas",Classified: 7219.12,3,1381.37
Usinas Siderurgicas De Minas Gerais,Ternium International Usa Corp.,"All Other Brazil Ports South Of Recife, Brazil","Houston, Houston, Texas",Classified: 7219.90,7,1365.28
Hyundai Steel Co.,Hyundai Steel America Inc.,"All Other South Korea Ports, South Korea","Alabama State Port Authority, Mobile, Alabama",Classified: 7210.49,1,5049.76
Hyundai Steel Co.,Hyundai Steel America Inc.,"All Other South Korea Ports, South Korea","Alabama State Port Authority, Mobile, Alabama",Classified: 7219.90,1,858.29
Hyundai Steel Co.,Hyundai Steel America Inc.,"Kwangyang, South Korea","Alabama State Port Authority, Mobile, Alabama",Classified: 7210.49,7,20143.91
Hyundai Steel Co.,Hyundai Steel America Inc.,"Kwangyang, South Korea","Alabama State Port Authority, Mobile, Alabama",Classified: 7219.90,1,542.63
Hyundai Steel Co.,Hyundai Steel Georgia,"Kwangyang, South Korea","Alabama State Port Authority, Mobile, Alabama",Classified: 7210.49,2,513.95
Kanematsu Corporation,Kanematsu Usa Inc.,"Osaka, Japan","Port of Long Beach, Long Beach, California",Classified: 7210.70,1,18.16
Jfe Shoji Trade Corp.,Nucor Jfe Mexico,"Chiba, Japan","Port of Long Beach, Long Beach, California",Classified: 7210.70,12,5610.77
Metal One Corp.,Aa Alfredo Valdez Gomez,"Chiba, Japan","Port of Long Beach, Long Beach, California",Classified: 7210.70,3,74.1
"Mitsui & Co., Ltd.",Mitsui De Mexico S.De R.L De C.V,"Chiba, Japan","Port of Long Beach, Long Beach, California",Classified: 7210.70,3,31.99
Marubeni Itochu Steel Inc.,Mi Metal Processing Mexicana Sa De,"Chiba, Japan","Port of Long Beach, Long Beach, California",Classified: 7210.70,4,91.89
"Hanwa Co., Ltd.",Hanwa Steel Service Mexicana,"Chiba, Japan","Port of Long Beach, Long Beach, California",Classified: 7210.70,7,4425.96
Sumitomo Corporation,Servilamina Summit Mexicana,"Chiba, Japan","Port of Long Beach, Long Beach, California",Classified: 7210.70,5,810.99
,Toyota Tsusho De Mexico,"Chiba, Japan","Port of Long Beach, Long Beach, California",Classified: 7210.70,3,1536.01
Honda Trading Corporation,Honda Trading De Mexico Sa De Cv,"Chiba, Japan","Port of Long Beach, Long Beach, California",Classified: 7210.70,5,2725.95
"Kohan Shoji Co., Ltd.",Maruichimex S.A. De C.V.,"Osaka, Japan","Port of Long Beach, Long Beach, California",Classified: 7210.70,1,15.82
Hyundai Steel Co.,Hyundai Glovis Mexico S De Rl De Cv,"All Other South Korea Ports, South Korea","Houston, Houston, Texas",Classified: 7210.49,4,7168.98
Hyundai Steel Co.,Hyundai Glovis Mexico S De Rl De Cv,"All Other South Korea Ports, South Korea","Houston, Houston, Texas",Classified: 7210.61,1,1135.75
,Coppersmith Global Logistics,"Sepetiba Bay, Brazil","Philadelphia Regional Port Authority, Philadelphia, Pennsylvania",Classified: 7210.50,1,9.1
"Prosperity Tieh Enterprise Co., Ltd.",Natixis Bank,"Kaohsiung, Taiwan","Port of New Orleans, New Orleans, Louisiana",Classified: 7210.70,1,1332.36
,Mac Metal Sales Inc.,"Kaohsiung, Taiwan","Port of New Orleans, New Orleans, Louisiana",Classified: 7210.70,11,5582.08
"Prosperity Tieh Enterprise Co., Ltd.",Natixis Bank,"Kaohsiung, Taiwan","Georgia Ports Authority, Savannah, Georgia",Classified: 7210.70,1,208.93
"Toyo Kihan Co., Ltd.",Mitsubishi Logistics America,"Osaka, Japan","Wilmington, Wilmington, North Carolina",Classified: 7210.70,5,117.83
Csc Steel,Samsung America Inc.,"Kajang, Malaysia","Houston, Houston, Texas",Classified: 7308.90,4,1362.93
Maruichi Sun Steel Jsc,Isocindu Sa De Cv,"All Other Viet Nam Ports, Vietnam","Houston, Houston, Texas",Classified: 7210.70,1,322.47
Maruichi Sun Steel Jsc,Posco Mppc S.A. De C.V. Carretera,"All Other Viet Nam Ports, Vietnam","Houston, Houston, Texas",Classified: 7210.70,2,1156.94
Maruichi Sun Steel Jsc,Maruichi Sun Steel Jsc,"All Other Viet Nam Ports, Vietnam","Houston, Houston, Texas",Classified: 7210.70,2,3717.64
,Summit Global Trading,"Kaohsiung, Taiwan","The Port of Charleston, Charleston, South Carolina",Classified: 7210.70,2,1116.16
,Optima Steel International Llc,"Kaohsiung, Taiwan","The Port of Charleston, Charleston, South Carolina",Classified: 7210.70,4,459.91
,Mac Metal Sales Inc.,"Kaohsiung, Taiwan","The Port of Charleston, Charleston, South Carolina",Classified: 7210.70,2,1842.95
Hyundai Steel Co.,Hyundai Glovis Mexico S De Rl De Cv,"Pyongtaek, South Korea","Port of Stockton, Stockton, California",Classified: 7210.49,2,2063.45
Hyundai Steel Co.,Hyundai Glovis Mexico S De Rl De Cv,"Pyongtaek, South Korea","Port of Stockton, Stockton, California",Classified: 7209.18,1,84.8
,,"Tauranga, New Zealand","Port of Long Beach, Long Beach, California",Classified: 7210.49,2,3450.2
,Hyundai Corp. (Usa) 12141 W,"Pyongtaek, South Korea","Houston, Houston, Texas",Classified: 7210.49,11,6756.62
"Dongbu Steel Co., Ltd.",Kg Steel Usa Inc.,"All Other South Korea Ports, South Korea","Houston, Houston, Texas",Classified: 7210.49,11,908.06
,,"Kaohsiung, Taiwan","Houston, Houston, Texas",Classified: 7210.70,2,192.7
"Prosperity Tieh Enterprise Co., Ltd.",Natixis,"Kaohsiung, Taiwan","Houston, Houston, Texas",Classified: 7210.70,3,1301.14
,Mac Metal Sales Inc.,"Kaohsiung, Taiwan","Houston, Houston, Texas",Classified: 7210.70,4,1250.08
Sumitomo Corporation,Sumitomo Canada Ltd.,"Osaka, Japan","Philadelphia Regional Port Authority, Philadelphia, Pennsylvania",Classified: 7210.70,6,246.52
Eregli Demir Ve Celikkorks Co.,Staalx Llc,"All Other Turkey Black Sea and Sea of Marmara Port, Turkey","Illinois International Port District, Chicago, Illinois",Classified: 7228.60,1,47710
,Optima Steel International Llc,"Kaohsiung, Taiwan","Philadelphia Regional Port Authority, Philadelphia, Pennsylvania",Classified: 7210.70,1,467.49
,,"Kaohsiung, Taiwan","Philadelphia Regional Port Authority, Philadelphia, Pennsylvania",Classified: 7210.70,4,447.01
"Tung Mung Development Co., Ltd.",Sanwa (Pty) ) Ltd.,"Kaohsiung, Taiwan","The Port of Los Angeles, Los Angeles, California",Classified: 7210.70,1,62.27
,Pasha Stevedoring And Terminals,"Kaohsiung, Taiwan","The Port of Los Angeles, Los Angeles, California",Classified: 7308.90,1,193.6
"Yieh Phui Enterprise Co., Ltd.",Far East Metals Inc.,"Kaohsiung, Taiwan","The Port of Los Angeles, Los Angeles, California",Classified: 7210.70,5,327.64
Posco,Posco America,"Kwangyang, South Korea","Houston, Houston, Texas",Classified: 7210.49,6,956.74
Posco Internatioal Corp.,Posco America,"Kwangyang, South Korea","Houston, Houston, Texas",Classified: 7210.49,1,139.19
"Prosperity Tieh Enterprise Co., Ltd.",Prosperity Usa Corp.,"Kaohsiung, Taiwan","Houston, Houston, Texas",Classified: 7210.61,6,1814.21
"Prosperity Tieh Enterprise Co., Ltd.",Natixis Bank,"Kaohsiung, Taiwan","Houston, Houston, Texas",Classified: 7210.70,2,756.01
"Sheng Yu Steel Co., Ltd.","Sheng Yu Steel Co., Ltd.","Kaohsiung, Taiwan","Houston, Houston, Texas",Classified: 7210.70,1,154.07
,Summit Global Trading,"Kaohsiung, Taiwan","Port of Vancouver USA, Vancouver, Washington",Classified: 7308.90,3,149.94
Posco,Posco America Corp.,"Pohang, South Korea","Alabama State Port Authority, Mobile, Alabama",Classified: 7219.90,18,3242.97
,Summit Global Trading,"Kaohsiung, Taiwan","The Port of Charleston, Charleston, South Carolina",Classified: 7210.61,2,204.74
,Mac Metal Sales Inc.,"Kaohsiung, Taiwan","The Port of Charleston, Charleston, South Carolina",Classified: 7210.61,11,3795.14
,Optima Steel International Llc,"Kaohsiung, Taiwan","The Port of Charleston, Charleston, South Carolina",Classified: 7210.61,4,163.72
,Hyundai Corp. (Usa) 12141 W,"Pyongtaek, South Korea","Houston, Houston, Texas",Classified: 8716.90,10,2876.32
New Zealand Steel Ltd.,Bluescope Steel Americas Llc,"Tauranga, New Zealand","Port of Long Beach, Long Beach, California",Classified: 7225.30,1,3926.79
"Mitsui & Co., Ltd.",Mitsui & Co (Usa) Inc.,"Osaka, Japan","Port of Long Beach, Long Beach, California",Classified: 7210.70,9,3138.75
Marubeni Itochu Steel Inc.,Pacific Steel Sales Corp.,"Osaka, Japan","Port of Long Beach, Long Beach, California",Classified: 7210.70,1,27.04
"Prosperity Tieh Enterprise Co., Ltd.",Hanmi Bank,"Kaohsiung, Taiwan","Georgia Ports Authority, Savannah, Georgia",Classified: 7210.70,2,105.99
Wuhan Iron & Steel,Jfe Shoji Steel De Mexico,"Shanghai, China","The Port of Los Angeles, Los Angeles, California",Classified: 7225.11,4,2045.07
"Baoshan Iron & Steel Co., Ltd.",Jfe Shoji Steel De Mexico,"Shanghai, China","The Port of Los Angeles, Los Angeles, California",Classified: 7225.11,2,99.54
Maruichi Sun Steel Jsc,Maruichi Sun Steel Jsc,"Ho Chi Minh City, Vietnam","Tampa, Florida",Classified: 7210.70,3,882.15
Maruichi Sun Steel Jsc,Acero Ventas Ma Sa De Cv,"All Other Viet Nam Ports, Vietnam","Houston, Houston, Texas",Classified: 7210.70,1,253.38
Maruichi Sun Steel Jsc,Benimex S.A. De C.V.,"All Other Viet Nam Ports, Vietnam","Houston, Houston, Texas",Classified: 7210.70,1,267.55
Maruichi Sun Steel Jsc,Posco Mppc S.A. De C.V. Carretera,"All Other Viet Nam Ports, Vietnam","Houston, Houston, Texas",Classified: 7210.49,1,404.62
Maruichi Sun Steel Jsc,Asbestos Y Aceros Recubiertos Sa De,"All Other Viet Nam Ports, Vietnam","Houston, Houston, Texas",Classified: 7210.70,6,4798.26
,Optima Steel International Llc,"Kaohsiung, Taiwan","Philadelphia Regional Port Authority, Philadelphia, Pennsylvania",Classified: 7210.61,10,400.43
Marubeni Itochu Steel Inc.,Marubeni Itochu Steel Canada,"Higashi Harima, Japan","Philadelphia Regional Port Authority, Philadelphia, Pennsylvania",Classified: 7210.70,1,125.15
,Optima Steel International Llc,"Kaohsiung, Taiwan","The Port of Los Angeles, Los Angeles, California",Classified: 7210.70,1,56.02
,Summit Global Trading,"Kaohsiung, Taiwan","The Port of Los Angeles, Los Angeles, California",Classified: 7606.12,1,42.56
,Summit Global Trading,"Kaohsiung, Taiwan","The Port of Los Angeles, Los Angeles, California",Classified: 7210.70,1,278.33
China Steel Nippon Steel Vn Joint,Samsung C And T Corp.,"All Other Viet Nam Ports, Vietnam","The Port of Los Angeles, Los Angeles, California",Classified: 7208.27,1,205.28
,Mitsui & Co Usa Inc.,"Djakarta, Indonesia","Tampa, Florida",Parsed: 7210.61,1,110.73
"Okaya And Co., Ltd.",Optima Steel International Llc,"All Other Japan Ports, Japan","Port of Long Beach, Long Beach, California",Parsed: 7208.10.30.00; Parsed: 7208.10.60.00; Parsed: 7208.26.00.60; Parsed: 7208.27.00.60; Parsed: 7208.37.00.60; Parsed: 7208.38.00.30; Parsed: 7208.39.00.30,5,2641.74
"Okaya And Co., Ltd.",Optima Steel International Llc,"All Other Japan Ports, Japan","Port of Long Beach, Long Beach, California",Parsed: 7208.10.30.00; Parsed: 7208.10.60.00; Parsed: 7208.36.00.60; Parsed: 7208.37.00.60; Parsed: 7208.38.00.30; Parsed: 7208.39.00.30,16,6055.3
"Nippon Steel Trading Co., Ltd.",Nippon Steel Trading Americas,"Yawata, Japan","Port of New Orleans, New Orleans, Louisiana",Classified: 7210.70,1,234.27
,Controladora Mabe S.A. De C.V.,"Busan, South Korea","Port of Stockton, Stockton, California",Classified: 7210.70,2,256.63
Hyundai Steel Co.,Hyundai Glovis Mexico S De Rl De Cv,"All Other South Korea Ports, South Korea","Port of Stockton, Stockton, California",Classified: 7225.92,1,327.53
Hyundai Steel Co.,Hyundai Glovis Mexico S De Rl De Cv,"All Other South Korea Ports, South Korea","Port of Stockton, Stockton, California",Classified: 7210.49,1,1214.23
"Mitsui & Co., Ltd.",Mitsui & Co Usa,"Osaka, Japan","Wilmington, Wilmington, North Carolina",Classified: 7210.70,2,503.39
,Central Steel And Wire Co.,"Algoma, Ont, Canada","Port Of Entry-Grand Portage, Grand Portage, Minnesota",Classified: 7219.33,1,218.19
Hyundai Steel Co.,Hyundai Steel Georgia,"Pyongtaek, South Korea","Alabama State Port Authority, Mobile, Alabama",Classified: 7209.17,1,49.6
Hyundai Steel Co.,Hyundai Steel America Inc.,"Pyongtaek, South Korea","Alabama State Port Authority, Mobile, Alabama",Classified: 7219.33,1,1262.74
Hyundai Steel Co.,Hyundai Steel America Inc.,"Pyongtaek, South Korea","Alabama State Port Authority, Mobile, Alabama",Classified: 7210.49,5,13106.74
Hyundai Steel Co.,Hyundai Steel America Inc.,"Kwangyang, South Korea","Alabama State Port Authority, Mobile, Alabama",Classified: 7219.33,1,672.63
Posco,Posco International America Corp.,"Kwangyang, South Korea","Wilmington, Wilmington, North Carolina",Classified: 7219.90,1,1553.18
Angang Group International Trade Corporation,Greif Costa Rica S.A.,"Yingkou, China","Port Hueneme, California",Classified: 7219.34,1,5.28
Hyundai Steel Co.,Hyundai Glovis Mexico S De Rl De Cv,"Pyongtaek, South Korea","Tampa, Florida",Classified: 7210.49,2,4757.71
Hyundai Steel Co.,Hyundai Glovis Mexico S De Rl De Cv,"Pyongtaek, South Korea","Tampa, Florida",Classified: 7225.92,4,3653.32
Hyundai Steel Co.,Hyundai Glovis Mexico S De Rl De Cv,"Kwangyang, South Korea","Tampa, Florida",Classified: 7210.49,2,1056.11
Hyundai Steel Co.,Hyundai Glovis Mexico S De Rl De Cv,"Kwangyang, South Korea","Tampa, Florida",Classified: 7219.33,1,68.62
"Dongbu Steel Co., Ltd.",Kg Steel Usa Inc.,"Pyongtaek, South Korea","Tampa, Florida",Classified: 7210.70,1,1004.18
"Nippon Steel Trading Co., Ltd.",Nippon Steel Trading Americas,"Nagoya, Japan","Port of New Orleans, New Orleans, Louisiana",Classified: 7210.70,4,7260.05
Posco,Posco America Corp.,"Pohang, South Korea","Houston, Houston, Texas",Classified: 7219.33,2,25.31
Hoa Phat Dung Quat Steel Jsc,Hoa Phat Dung Quat Steel Jsc,"All Other Viet Nam Ports, Vietnam","Port of New Orleans, New Orleans, Louisiana",Classified: 7210.49,2,341.74
Grupo Cice,Am/Ns Calvert Llc,"Altamira, Mexico","Alabama State Port Authority, Mobile, Alabama",Classified: 7219.33,1,19.15
Jfe Shoji Trade Corp.,Jfe Shoji Steel De Mexico,"Osaka, Japan","Port of Long Beach, Long Beach, California",Classified: 7210.70,1,42.83
,San Diego Vista Steel Service Corp.,"Osaka, Japan","Port of Long Beach, Long Beach, California",Classified: 7210.70,4,60.37
Tetsusho Kayaba Corp.,Steel Distributor Inc.,"Osaka, Japan","Port of Long Beach, Long Beach, California",Classified: 7210.70,8,686.85
Samsung C&T Japan Corp.,Ajusteel Usa Inc.,"Kimitsu, Japan","Port of Long Beach, Long Beach, California",Classified: 7210.70,3,1218.96
Metal One Corp.,,"Higashi Harima, Japan","Philadelphia Regional Port Authority, Philadelphia, Pennsylvania",Classified: 7210.70,1,368.7
"Mitsui & Co., Ltd.",Mitsui & Co Usa,"Osaka, Japan","Philadelphia Regional Port Authority, Philadelphia, Pennsylvania",Classified: 7210.70,1,237.16
"Toyo Kihan Co., Ltd.",Mitsubishi Logistics America,"Osaka, Japan","Philadelphia Regional Port Authority, Philadelphia, Pennsylvania",Classified: 7210.70,1,3.28
Marubeni Itochu Steel Inc.,Marubeni Itochu Steel Canada,"Osaka, Japan","Philadelphia Regional Port Authority, Philadelphia, Pennsylvania",Classified: 7210.70,1,157.46
"Prosperity Tieh Enterprise Co., Ltd.",Prosperity Usa Corp.,"Kaohsiung, Taiwan","Port of New Orleans, New Orleans, Louisiana",Classified: 7210.70,160,17771.41
"Prosperity Tieh Enterprise Co., Ltd.",Prosperity Usa Corp.,"Kaohsiung, Taiwan","Port of New Orleans, New Orleans, Louisiana",Classified: 7210.61,25,1989.15
Jfe Shoji Trade Corp.,Elite Data Solutions Inc.,"Osaka, Japan","Houston, Houston, Texas",Classified: 7210.70,1,213.55
"Okaya And Co., Ltd.",Optima Steel International Llc,"All Other Japan Ports, Japan","Port of Long Beach, Long Beach, California",Classified: 7219.33,19,7221.06
Posco,Samsung America Inc.,"Kwangyang, South Korea","Houston, Houston, Texas",Classified: 7219.33,5,153.04
Posco,Posco America Corp.,"Kwangyang, South Korea","Houston, Houston, Texas",Classified: 7219.33,1,28.29
Posco,Posco America,"Kwangyang, South Korea","Houston, Houston, Texas",Classified: 7219.33,3,331.52
"Prosperity Tieh Enterprise Co., Ltd.",Prosperity Usa,"Kaohsiung, Taiwan","The Port of Los Angeles, Los Angeles, California",Classified: 7210.70,5,1385.08
,Hyundai Corp. Usa,"All Other Thailand Ports, Thailand","The Port of Los Angeles, Los Angeles, California",Classified: 7210.70,1,55.72
"Toyo Kihan Co., Ltd.",Mitsubishi Logistics America,"Osaka, Japan","Port of New Orleans, New Orleans, Louisiana",Classified: 7210.70,2,1236.54
"Mitsui & Co., Ltd.",Mitsui & Co Usa,"Osaka, Japan","Port of New Orleans, New Orleans, Louisiana",Classified: 7210.70,1,194.85
"Prosperity Tieh Enterprise Co., Ltd.",Prosperity Usa Corp.,"Kaohsiung, Taiwan","Houston, Houston, Texas",Classified: 7210.70,18,4473.47
Hyundai Steel Co.,Hyundai Glovis Mexico S De Rl De Cv,"All Other South Korea Ports, South Korea","Tampa, Florida",Classified: 7225.92,2,1637.24
Posco,Posco America Corp.,"Kwangyang, South Korea","Alabama State Port Authority, Mobile, Alabama",Classified: 7219.33,1,162.24
Posco,Posco America,"Kwangyang, South Korea","Alabama State Port Authority, Mobile, Alabama",Classified: 7219.33,1,2341.42
Maruichi Sun Steel Jsc,Aceros Y Galvanizados De Celaya Sa,"Ho Chi Minh City, Vietnam","Port of Stockton, Stockton, California",Classified: 7210.49,1,19.51
Maruichi Sun Steel Jsc,Metal Y Panel Industrial Depot Sa,"Ho Chi Minh City, Vietnam","Port of Stockton, Stockton, California",Classified: 7210.61,1,60.94
Maruichi Sun Steel Jsc,America Metal S.A. De C.V.,"Ho Chi Minh City, Vietnam","Port of Stockton, Stockton, California",Classified: 7210.61,1,78.75
"Prosperity Tieh Enterprise Co., Ltd.",Prosperity Usa Corp.,"Kaohsiung, Taiwan","Philadelphia Regional Port Authority, Philadelphia, Pennsylvania",Classified: 7210.61,29,2546.8
"Yieh Phui Enterprise Co., Ltd.",Deutsche Bank Ag,"Kaohsiung, Taiwan","The Port of Los Angeles, Los Angeles, California",Classified: 7210.70,2,150.98
Metal One Corp.,,"Kimitsu, Japan","Port of Stockton, Stockton, California",Classified: 7210.70,1,2684.89
Metal One Corp.,Aa Alfredo Valdez Gomez,"Kimitsu, Japan","Port of Stockton, Stockton, California",Classified: 7210.70,7,4137.4
Metal One Corp.,A.A. Guillermo Woodward Rojas,"Kimitsu, Japan","Port of Stockton, Stockton, California",Classified: 7210.70,4,2675.84
Metal One Corp.,Nissin Mexicana,"Kimitsu, Japan","Port of Stockton, Stockton, California",Classified: 7210.70,3,77.24
"Hanwa Co., Ltd.",Hanwa Steel Service Mexicana,"Kimitsu, Japan","Port of Stockton, Stockton, California",Classified: 7210.70,3,150.56
Sumitomo Corporation,Gonvauto Puebla Sa De Cv,"Kimitsu, Japan","Port of Stockton, Stockton, California",Classified: 7210.70,3,142.61
Marubeni Itochu Steel Inc.,Mi Metal Processing Mexicana Sa De,"Kimitsu, Japan","Port of Stockton, Stockton, California",Classified: 7210.70,3,178.48
Marubeni Itochu Steel Inc.,Marubeni Itochu Steel Mexico Sa De,"Kimitsu, Japan","Port of Stockton, Stockton, California",Classified: 7210.70,1,27.72
"Nippon Steel Trading Co., Ltd.",Lamina Desplegada S.A. De C.V.,"Kimitsu, Japan","Port of Stockton, Stockton, California",Classified: 7210.70,1,39.87
"Nippon Steel Trading Co., Ltd.",Aguacalientes Steel Coil Mexico,"Kimitsu, Japan","Port of Stockton, Stockton, California",Classified: 7210.70,3,94.4
Honda Trading Corporation,Honda Trading De Mexico Sa De Cv,"Kimitsu, Japan","Port of Stockton, Stockton, California",Classified: 7210.70,4,216.63
Sumitomo Corporation,Servilamina Summit Mexicana,"Kimitsu, Japan","Port of Stockton, Stockton, California",Classified: 7210.70,4,835.01
Canox Corporation,Bmc Mexico Auto Parts,"Hirohata, Japan","Port of Stockton, Stockton, California",Classified: 7210.70,1,234.48
Metal One Corp.,Aa Alfredo Valdez Gomez,"Hirohata, Japan","Port of Stockton, Stockton, California",Classified: 7210.70,1,221.3
"Hanwa Co., Ltd.",Hanwa Steel Service Mexicana,"Hirohata, Japan","Port of Stockton, Stockton, California",Classified: 7210.70,1,58.03
Sumitomo Corporation,Servilamina Summit Mexicana,"Hirohata, Japan","Port of Stockton, Stockton, California",Classified: 7210.70,1,2985.24
"Nippon Steel Trading Co., Ltd.",Nippon Steel Trading Mexico S.A. D,"Hirohata, Japan","Port of Stockton, Stockton, California",Classified: 7210.70,1,1420.12
Samsung C&T Japan Corp.,Conduit S.A. De C.V.,"Hirohata, Japan","Port of Stockton, Stockton, California",Classified: 7210.70,1,1391.13
"Mitsui & Co., Ltd.",Kloeckner Metals Service,"Hirohata, Japan","Port of Stockton, Stockton, California",Classified: 7210.70,1,6.05
Marubeni Itochu Steel Inc.,Truper Herramientas S.A. De C.V.,"Hirohata, Japan","Port of Stockton, Stockton, California",Classified: 7210.70,1,809.66
Samsung C&T Japan Corp.,Ajusteel Usa Inc.,"Hirohata, Japan","Port of Stockton, Stockton, California",Classified: 7210.70,1,1434.01
"Nippon Steel Trading Co., Ltd.",Duferco Steel Llc.,"Osaka, Japan","Port of Long Beach, Long Beach, California",Classified: 7210.70,1,512.48
Jfe Shoji Trade Corp.,Jfe Shoji Trade America Inc.,"Osaka, Japan","Port of Long Beach, Long Beach, California",Classified: 7210.70,1,20.58
,,"Kashima, Japan","Port of Long Beach, Long Beach, California",Classified: 7210.70,1,63.2
,Jfe Shoji Steel De Mexico,"Kashima, Japan","Port of Long Beach, Long Beach, California",Classified: 7210.70,2,3490.98
"Yieh Phui Enterprise Co., Ltd.",The Australia And N,"Kaohsiung, Taiwan","Port of Long Beach, Long Beach, California",Classified: 7210.70,1,100.94
"Yieh Phui Enterprise Co., Ltd.",Far East Metals Inc.,"Kaohsiung, Taiwan","Port of Long Beach, Long Beach, California",Classified: 7210.70,1,149.27
Honda Trading Corporation,Honda Trading De Mexico Sa De Cv,"Kashima, Japan","Port of Stockton, Stockton, California",Classified: 7210.70,1,186.22
Geodis New Zealand Ltd.,Geodis,"Tauranga, New Zealand","Port of New Orleans, New Orleans, Louisiana",Classified: 7326.90,1,4727.21
"Qingdao Qinyuan Group Co., Ltd.",Valmar Brokers Llc,"Tianjin, China","Houston, Houston, Texas",Classified: 7308.90,1,169.4
Posco,Posco America,"Kwangyang, South Korea","Houston, Houston, Texas",Classified: 7225.30,11,2450.45
Posco Internatioal Corp.,Posco America,"Kwangyang, South Korea","Houston, Houston, Texas",Classified: 7225.30,1,441.84
Hyundai Steel Co.,Hyundai Steel America Inc.,"Kwangyang, South Korea","Alabama State Port Authority, Mobile, Alabama",Classified: 7219.34,1,484.68
Hyundai Steel Co.,Hyundai Steel Usa Inc.,"Kwangyang, South Korea","Alabama State Port Authority, Mobile, Alabama",Classified: 7210.70,1,73.18
Posco,Posco America,"Kwangyang, South Korea","Alabama State Port Authority, Mobile, Alabama",Classified: 7225.30,1,5015.45
Hyundai Steel Co.,Hyundai Steel America Inc.,"Pyongtaek, South Korea","Alabama State Port Authority, Mobile, Alabama",Classified: 7219.34,1,1629.07
Hyundai Steelcompany,Hyundai Steel Usa Inc.,"Pyongtaek, South Korea","Alabama State Port Authority, Mobile, Alabama",Classified: 7210.49,1,538.93
Hyundai Steel Co.,Hyundai Steel Usa Inc.,"Pyongtaek, South Korea","Alabama State Port Authority, Mobile, Alabama",Classified: 7210.70,1,16.4
Maruichi Sun Steel Jsc,Strip Steel S De Rl De Cv,"All Other Viet Nam Ports, Vietnam","The Port of Los Angeles, Los Angeles, California",Classified: 7210.70,1,52.42
Ton Dong A Corp.,Acero Ventas Ma Sa De Cv,"All Other Viet Nam Ports, Vietnam","The Port of Los Angeles, Los Angeles, California",Classified: 7210.61,1,210.73
Maruichi Sun Steel Jsc,Aceros Y Galvanizados De Celaya Sa,"All Other Viet Nam Ports, Vietnam","The Port of Los Angeles, Los Angeles, California",Classified: 7210.70,4,2459.84
Maruichi Sun Steel Jsc,Aceros Y Galvanizados De Celaya Sa,"All Other Viet Nam Ports, Vietnam","The Port of Los Angeles, Los Angeles, California",Classified: 7210.61,4,1581.05
,Hanwa American Corp. Los Angeles Br,"Pyongtaek, South Korea","The Port of Los Angeles, Los Angeles, California",Classified: 7208.27,1,136
"Prosperity Tieh Enterprise Co., Ltd.",Natixis,"Kaohsiung, Taiwan","Tampa, Florida",Classified: 7210.70,1,102.9
"Prosperity Tieh Enterprise Co., Ltd.",Prosperity Usa Corp.,"Kaohsiung, Taiwan","Tampa, Florida",Classified: 7210.70,4,476.7
"Prosperity Tieh Enterprise Co., Ltd.",Prospertiy Usa Corp.,"Kaohsiung, Taiwan","Tampa, Florida",Classified: 7210.70,2,347.32
Usinas Siderurgicas De Minas Gerais,Ternium International Usa Corp.,"Sao Paulo, Brazil","Houston, Houston, Texas",Classified: 7219.90,7,4066.72
Usinas Siderurgicas De Minas Gerais,Ternium International Usa Corp.,"Sao Paulo, Brazil","Houston, Houston, Texas",Classified: 7219.33,2,1470.43
Usinas Siderurgicas De Minas Gerais,Ternium International Usa Corp.,"Sao Paulo, Brazil","Houston, Houston, Texas",Classified: 7211.23,2,4345.44
Marubeni Itochu Steel Inc.,Ternium Mexico S.A. De C.V.,"Kimitsu, Japan","Port of New Orleans, New Orleans, Louisiana",Classified: 7210.70,4,12716.72
,B. Marubeni Itochu Steel America In,"Kaohsiung, Taiwan","Port of Vancouver USA, Vancouver, Washington",Classified: 7204.49,1,21.55
,Prosperity Usa Corp.,"Kaohsiung, Taiwan","Port of Vancouver USA, Vancouver, Washington",Classified: 7308.90,2,92.31
"Nippon Steel Trading Co., Ltd.",Nippon Steel Trading Americas Inc.,"Kashima, Japan","Port of Kalama, Kalama, Washington",Classified: 7210.70,14,30632.46
Usinas Siderurgicas De Minas Gerais,Maxion Wheels De Mexico S De Rl De,"Sao Paulo, Brazil","Baltimore, Maryland",Classified: 7225.30,1,3969.27
,,"Osaka, Japan","Port of New Orleans, New Orleans, Louisiana",Classified: 7210.70,1,7.59
Arcelor Mittal Bremen Gmb H,Arcelormittal International America Llc,"Bremen, Germany","Houston, Houston, Texas",Parsed: 7225.92.00,1,206.64
Posco,Samsung America Inc.,"Busan, South Korea","Wilmington, Wilmington, North Carolina",Classified: 7219.34,1,282.72
Hyundai Steel Co.,Hyundai Steel America Inc.,"Busan, South Korea","Wilmington, Wilmington, North Carolina",Classified: 7308.90,1,48.88
"Tung Mung Development Co., Ltd.","Tung Mung Development Co., Ltd.","Kaohsiung, Taiwan","Houston, Houston, Texas",Classified: 7219.34,2,82.86
"Prosperity Tieh Enterprise Co., Ltd.",Samsung America Inc.,"Kaohsiung, Taiwan","Houston, Houston, Texas",Classified: 7210.61,1,399.82
"Prosperity Tieh Enterprise Co., Ltd.",Natixis Bank,"Kaohsiung, Taiwan","Houston, Houston, Texas",Classified: 7210.61,1,605.13
,Controladora Mabe S.A. De C.V,"Busan, South Korea","Port of Stockton, Stockton, California",Classified: 7228.50,1,139.03
Hyundai Steel Co.,Hyundai Glovis Mexico S De Rl De Cv,"Pyongtaek, South Korea","Port of Stockton, Stockton, California",Classified: 7209.16,1,196.32
,Metalurgica Barra Do Pirai S.A.,"Dagu/Tanggu, China","Houston, Houston, Texas",Parsed: 7210.61.00,1,249.51
Hyundai Steel Co.,Hyundai Glovis Mexico S De Rl De Cv,"All Other South Korea Ports, South Korea","Alabama State Port Authority, Mobile, Alabama",Classified: 7210.49,3,4691.09
Silverwood Ltd. (Hk),Italinox Usa Ltd. Co.,"All Other Viet Nam Ports, Vietnam","Houston, Houston, Texas",Classified: 7219.34,1,256.71
"Toyo Kihan Co., Ltd.",Mitsubishi Logistics America,"Osaka, Japan","Port of Stockton, Stockton, California",Classified: 7219.90,1,3264.37
Maruichi Sun Steel Jsc,Aceros Y Galvanizados De Celaya Sa,"Ho Chi Minh City, Vietnam","Port of Stockton, Stockton, California",Parsed: 7210.49; Parsed: 7210.61; Parsed: 7210.70,1,542.11
Maruichi Sun Steel Jsc,Aceros Y Galvanizados De Celaya Sa,"Ho Chi Minh City, Vietnam","Port of Stockton, Stockton, California",Parsed: 7210.61,2,716.86
Maruichi Sun Steel Jsc,Hanwa Mexicana S.A.De C.V. Av.Paseo,"Ho Chi Minh City, Vietnam","Port of Stockton, Stockton, California",Parsed: 7210.61,1,131.52
Maruichi Sun Steel Jsc,Hanwa Mexicana S.A.De C.V. Av.Paseo,"Ho Chi Minh City, Vietnam","Port of Stockton, Stockton, California",Parsed: 7210.70,1,75.11
Maruichi Sun Steel Jsc,Aceros Y Galvanizados De Celaya Sa,"Ho Chi Minh City, Vietnam","Port of Stockton, Stockton, California",Parsed: 7210.49; Parsed: 7210.61,1,1336.17
China Steel Nippon Steel Vn Joint,,"Ho Chi Minh City, Vietnam","Port of Stockton, Stockton, California",Classified: 7210.70,1,55.65
Maruichi Sun Steel Jsc,Aceros Y Galvanizados De Celaya Sa,"Ho Chi Minh City, Vietnam","Port of Stockton, Stockton, California",Parsed: 7210.61; Parsed: 7210.70,1,948.23
China Steel Nippon Steel Vn Joint,,"Ho Chi Minh City, Vietnam","Port of Stockton, Stockton, California",Classified: 7210.49,1,6.12
,,"Kaohsiung, Taiwan","The Port of Charleston, Charleston, South Carolina",Classified: 7210.70,5,449.35
"Prosperity Tieh Enterprise Co., Ltd.",Prosperity Usa Corp.,"Kaohsiung, Taiwan","The Port of Charleston, Charleston, South Carolina",Classified: 7210.70,22,12231.14
,Hanwa American Corp. Los Angeles Br,"Pyongtaek, South Korea","The Port of Los Angeles, Los Angeles, California",Classified: 7209.16,1,545.18
"Prosperity Tieh Enterprise Co., Ltd.",Prosperity Usa Corp.,"Kaohsiung, Taiwan","Philadelphia Regional Port Authority, Philadelphia, Pennsylvania",Classified: 7210.70,25,2195.96
Hyundai Steel Co.,Hyundai Steel America Inc.,"Pyongtaek, South Korea","Houston, Houston, Texas",Classified: 7225.11,1,896.1
Hyundai Steel Co.,Hyundai Steel America Inc.,"Pyongtaek, South Korea","Houston, Houston, Texas",Classified: 7210.49,1,3180.07
Hyundai Steel Co.,Hyundai Steel Georgia Inc.,"Pyongtaek, South Korea","Houston, Houston, Texas",Classified: 7210.70,1,342.03
Hyundai Steel Co.,Samsung America Inc.,"Pyongtaek, South Korea","Houston, Houston, Texas",Classified: 7219.12,1,19.44
Hyundai Steelcompany,Samsung America Inc.,"Pyongtaek, South Korea","Houston, Houston, Texas",Classified: 7210.70,1,178.84
Maruichi Sun Steel Jsc,Hanwa Mexicana S.A. De C.V.,"All Other Viet Nam Ports, Vietnam","Port of New Orleans, New Orleans, Louisiana",Classified: 7210.70,2,846.69
"Qingdao Qinyuan Group Co., Ltd.",Valmar Brokers Llc,"Lianyungang, China","Houston, Houston, Texas",Classified: 7308.90,1,97.45
Hyundai Steel Co.,Hyundai Steel Georgia Inc.,"Kwangyang, South Korea","Alabama State Port Authority, Mobile, Alabama",Classified: 7210.49,1,174.1
Hyundai Steel Co.,Hyundai Steel America Inc.,"Kwangyang, South Korea","Alabama State Port Authority, Mobile, Alabama",Classified: 7225.50,2,852.74
Silverwood Ltd. (Hk),Italinox Usa Ltd. Co.,"Ho Chi Minh City, Vietnam","Houston, Houston, Texas",Parsed: 7219.34.00,1,134.25
Maruichi Sun Steel Jsc,Acero Ventas Ma Sa De Cv,"Ho Chi Minh City, Vietnam","Houston, Houston, Texas",Parsed: 7210.61,1,101.47
Posco,Posco America,"Kwangyang, South Korea","Port of New Orleans, New Orleans, Louisiana",Classified: 7225.30,4,719.11
Posco,Samsung America Inc.,"Busan, South Korea","Port of Long Beach, Long Beach, California",Classified: 7219.34,1,282.72
Hyundai Steel Co.,Hyundai Steel America Inc.,"Busan, South Korea","Port of Long Beach, Long Beach, California",Classified: 7308.90,1,48.88
"Prosperity Tieh Enterprise Co., Ltd.",Prospertiy Usa Corp.,"Kaohsiung, Taiwan","The Port of Los Angeles, Los Angeles, California",Classified: 7210.70,1,330.39
"Prosperity Tieh Enterprise Co., Ltd.",Prosperity Usa Corp.,"Kaohsiung, Taiwan","The Port of Los Angeles, Los Angeles, California",Classified: 7210.70,4,805.59
,Marubeni Transport Service Corp.,"Kaohsiung, Taiwan","The Port of Los Angeles, Los Angeles, California",Classified: 7204.49,1,43.49
Maruichi Sun Steel Jsc,Acero Ventas Ma Sa De Cv,"All Other Viet Nam Ports, Vietnam","The Port of Los Angeles, Los Angeles, California",Classified: 7210.61,1,99.43
Maruichi Sun Steel Jsc,Maruichi Sun Steel Jsc,"All Other Viet Nam Ports, Vietnam","The Port of Los Angeles, Los Angeles, California",Classified: 7210.61,3,665.59
Maruichi Sun Steel Jsc,Isocindu Sa De Cv,"All Other Viet Nam Ports, Vietnam","The Port of Los Angeles, Los Angeles, California",Classified: 7210.70,1,649.3
Maruichi Sun Steel Jsc,Posco Mppc S.A. De C.V. Carretera,"All Other Viet Nam Ports, Vietnam","The Port of Los Angeles, Los Angeles, California",Classified: 7210.61,1,350.66
Shinsho Corporation,Shima American Corp,"Osaka, Japan","Philadelphia Regional Port Authority, Philadelphia, Pennsylvania",Classified: 7210.70,2,18.57
Posco,Samsung America Inc.,"Pohang, South Korea","Alabama State Port Authority, Mobile, Alabama",Classified: 7219.90,8,519.45
Wuhan Iron & Steelcompany Ltd.,A.A. Alfredo Valdez Gomez Patente,"Shanghai, China","Port of Kalama, Kalama, Washington",Classified: 7225.11,1,303.42
Baosteel Zhanjiang Iron & Steel Co.,Jfe Shoji Steel De Mexico,"Shanghai, China","Port of Kalama, Kalama, Washington",Classified: 7225.11,2,1297.95
"Baoshan Iron & Steel Co., Ltd.",Jfe Shoji Steel De Mexico,"Shanghai, China","Port of Kalama, Kalama, Washington",Classified: 7225.11,3,269.4
"Baoshan Iron & Steel Co., Ltd.",Jfe Shoji Steel Demexico S.A. De C,"Shanghai, China","Port of Kalama, Kalama, Washington",Classified: 7210.70,1,350.79
Hoa Phat Dung Quat Steel Jsc,Dufmex S De Rl De Cv,"All Other Viet Nam Ports, Vietnam","Port of New Orleans, New Orleans, Louisiana",Classified: 7219.12,1,5026.51
Posco,Posco International America Corp.,"Kwangyang, South Korea","Alabama State Port Authority, Mobile, Alabama",Classified: 7225.50,1,1502.09
Posco,Samsung America Inc.,"Pohang, South Korea","Alabama State Port Authority, Mobile, Alabama",Classified: 7219.34,1,35.83
Hyundai Steel Co.,Hyundai Steel Co.,"All Other South Korea Ports, South Korea","Port of New Orleans, New Orleans, Louisiana",Classified: 7219.12,2,1295.37
Tamaki Sangyo,Steel Distributor Inc.,"Osaka, Japan","Houston, Houston, Texas",Classified: 7210.70,1,64.09
"Mitsui & Co., Ltd.",Kloeckner Metals Service,"Hirohata, Japan","Port of Long Beach, Long Beach, California",Classified: 7210.70,2,972.88
Samsung C&T Japan Corp.,Aceros Dondisch Sa De Cv,"Hirohata, Japan","Port of Long Beach, Long Beach, California",Classified: 7210.70,1,1165.55
"Mitsui & Co., Ltd.",Mitsui De Mexico S.De R.L De C.V,"Hirohata, Japan","Port of Long Beach, Long Beach, California",Classified: 7210.70,2,96.52
Posco,Posco America Corp.,"Pohang, South Korea","Houston, Houston, Texas",Classified: 7219.90,2,78.42
Posco,Samsung America Inc.,"Pohang, South Korea","Houston, Houston, Texas",Classified: 7219.90,10,317.41
"Nippon Steel Trading Co., Ltd.",Nippon Steel Trading Americas Inc.,"Oita, Japan","Port of Kalama, Kalama, Washington",Classified: 7210.70,5,16683.34
Hyundai Steel Co.,Samsung America Inc.,"All Other South Korea Ports, South Korea","Houston, Houston, Texas",Classified: 7219.12,1,193.7
"Prosperity Tieh Enterprise Co., Ltd.",Prospertiy Usa Corp.,"Kaohsiung, Taiwan","The Port of Charleston, Charleston, South Carolina",Classified: 7210.70,2,713.84
Hyundai Steel Co.,Hyundai Steel Co.,"All Other South Korea Ports, South Korea","Houston, Houston, Texas",Classified: 7219.12,16,4499.1
Hyundai Steel Co.,Samsung C And T Corp.,"All Other South Korea Ports, South Korea","Houston, Houston, Texas",Classified: 7219.12,5,6522.69
Maruichi Sun Steel Jsc,,"All Other Viet Nam Ports, Vietnam","Houston, Houston, Texas",Classified: 7210.70,1,110.69
Maruichi Sun Steel Jsc,Asbestos Y Aceros Recubiertos Sa De,"All Other Viet Nam Ports, Vietnam","Houston, Houston, Texas",Classified: 7210.61,1,1470
Maruichi Sun Steel Jsc,Optima Steel International Llc,"All Other Viet Nam Ports, Vietnam","Tampa, Florida",Classified: 7210.70,7,4116.97
Posco,Posco America Corp.,"Kwangyang, South Korea","The Port of Los Angeles, Los Angeles, California",Classified: 7219.90,1,85.99
Posco,Posco America Corp.,"Pohang, South Korea","Wilmington, Wilmington, North Carolina",Classified: 7219.90,1,80.73
Posco,Samsung America Inc.,"Pohang, South Korea","Wilmington, Wilmington, North Carolina",Classified: 7219.90,2,152.95
,,"Tauranga, New Zealand","Port of Long Beach, Long Beach, California",Classified: 7225.30,1,2519.48
Hyundai Steel Co.,Hyundai Steel America Inc.,"Busan, South Korea","Philadelphia Regional Port Authority, Philadelphia, Pennsylvania",Classified: 7308.90,1,50.41
Maruichi Sun Steel Jsc,Optima Steel International Llc,"All Other Viet Nam Ports, Vietnam","Houston, Houston, Texas",Classified: 7210.70,4,2111.8
,Bmo Harris Bank N.A.,"Sepetiba Bay, Brazil","Philadelphia Regional Port Authority, Philadelphia, Pennsylvania",Classified: 7210.50,2,101.42
Hyundai Steel Co.,Hyundai Glovis Mexico S De Rl De Cv,"All Other South Korea Ports, South Korea","Houston, Houston, Texas",Classified: 7225.92,1,1473.1
Posco,Posco America Corp.,"Kwangyang, South Korea","Port Of Longview, Longview, Washington",Classified: 7219.90,1,35.03
"Geodis Overseas Pvt., Ltd. (India)",Geodis Freight Forwarding,"Jawaharlal Nehru, India","Port of Virginia, Norfolk, Virginia",Classified: 7204.49; Classified: 7610.10,1,31.7
,,"Osaka, Japan","Philadelphia Regional Port Authority, Philadelphia, Pennsylvania",Classified: 7219.34,5,196.69
Jfe Shoji Trade Corp.,Jfe Shoji Power Canada,"Osaka, Japan","Philadelphia Regional Port Authority, Philadelphia, Pennsylvania",Classified: 7219.34,3,2823.47
Marubeni Itochu Steel Inc.,Jfe Shoji Power Canada,"Osaka, Japan","Philadelphia Regional Port Authority, Philadelphia, Pennsylvania",Classified: 7219.34,3,429.75
"Mitsui & Co., Ltd.",Mitsui & Co (Canada) Ltd.,"Osaka, Japan","Philadelphia Regional Port Authority, Philadelphia, Pennsylvania",Classified: 7219.34,21,3404.22
Metal One Corp.,,"Osaka, Japan","Philadelphia Regional Port Authority, Philadelphia, Pennsylvania",Classified: 7219.34,15,1104.34
"Nippon Steel Trading Co., Ltd.",Tempel Steel Co.,"Osaka, Japan","Philadelphia Regional Port Authority, Philadelphia, Pennsylvania",Classified: 7219.34,2,577.66
Sumitomo Corporation,Sumitomo Canada Ltd.,"Osaka, Japan","Philadelphia Regional Port Authority, Philadelphia, Pennsylvania",Classified: 7219.34,1,36.56
Sumitomo Corporation,Summit Global Trading,"Osaka, Japan","Philadelphia Regional Port Authority, Philadelphia, Pennsylvania",Classified: 7219.34,2,15.82
Shinsho Corporation,Shima American Corp,"Higashi Harima, Japan","Philadelphia Regional Port Authority, Philadelphia, Pennsylvania",Classified: 7219.34,1,9.18
Metal One Corp.,,"Higashi Harima, Japan","Philadelphia Regional Port Authority, Philadelphia, Pennsylvania",Classified: 7219.34,2,465.29
Sumitomo Corporation,Sumitomo Canada Ltd.,"Yawata, Japan","Philadelphia Regional Port Authority, Philadelphia, Pennsylvania",Classified: 7219.34,1,163.27
"Nippon Steel Trading Co., Ltd.",Jfe Shoji Power Canada,"Yawata, Japan","Philadelphia Regional Port Authority, Philadelphia, Pennsylvania",Classified: 7219.34,6,3174.65
"Mitsui & Co., Ltd.",Mitsui & Co (Canada) Ltd.,"Yawata, Japan","Philadelphia Regional Port Authority, Philadelphia, Pennsylvania",Classified: 7219.34,24,4267.5
Honda Trading Corporation,Honda Trading America Corporation,"Yawata, Japan","Philadelphia Regional Port Authority, Philadelphia, Pennsylvania",Classified: 7219.34,3,1632.05
"Changshin Steel Co., Ltd.",Cs Automotive Tubing Co.,"Yawata, Japan","Philadelphia Regional Port Authority, Philadelphia, Pennsylvania",Classified: 7219.34,3,368.79
Marubeni Itochu Steel Inc.,Marubeni Itochu Steel Canada,"Yawata, Japan","Philadelphia Regional Port Authority, Philadelphia, Pennsylvania",Classified: 7219.34,2,466.86
,,"Nagoya, Japan","Philadelphia Regional Port Authority, Philadelphia, Pennsylvania",Classified: 7219.34,1,44.47
"Mitsui & Co., Ltd.",Mitsui & Co Usa,"Nagoya, Japan","Philadelphia Regional Port Authority, Philadelphia, Pennsylvania",Classified: 7219.34,4,4986.5
"Nippon Steel Trading Co., Ltd.",Nippon Steel Trading Americas Inc.,"Kashima, Japan","Port of Kalama, Kalama, Washington",Classified: 7219.34,7,19303.46
,Asi,"Algoma, Ont, Canada","Illinois International Port District, Chicago, Illinois",Classified: 7219.34,1,22.68
"Hanwa Co., Ltd.",San Diego Vista Steel Service Corp.,"Osaka, Japan","Port of Long Beach, Long Beach, California",Classified: 7219.34,4,340
,Jfe Shoji Steel De Mexico,"Osaka, Japan","Port of Long Beach, Long Beach, California",Classified: 7219.34,9,1672.17
,,"Osaka, Japan","Port of Long Beach, Long Beach, California",Classified: 7219.34,20,2449.54
"Mitsui & Co., Ltd.",Mitsui & Co (Usa) Inc.,"Osaka, Japan","Port of Long Beach, Long Beach, California",Classified: 7219.34,4,602.33
Sumitomo Corporation,Accuride International Sa De Cv,"Osaka, Japan","Port of Long Beach, Long Beach, California",Classified: 7219.34,2,362.93
Maruichi Sun Steel Jsc,Aceros Y Galvanizados De Celaya Sa,"Ho Chi Minh City, Vietnam","Port of Vancouver USA, Vancouver, Washington",Parsed: 7210.70,1,175.92
Posco,Posco America,"Kwangyang, South Korea","Houston, Houston, Texas",Classified: 7210.70,1,20.53
"Yieh Phui Enterprise Co., Ltd.",Mitsui & Co Usa Inc.,"Kaohsiung, Taiwan","The Port of Los Angeles, Los Angeles, California",Classified: 7210.70,6,466.79
"Tung Mung Development Co., Ltd.",Hrm Corp.,"Kaohsiung, Taiwan","The Port of Los Angeles, Los Angeles, California",Parsed: 7219.33; Parsed: 7219.34,1,161.98
"Toyo Kihan Co., Ltd.",Mitsubishi Logistics America,"Osaka, Japan","Port of Stockton, Stockton, California",Classified: 7219.34,2,4787.05
Marubeni Itochu Steel Inc.,Marubeni Itochu Steel Mexico Sa De,"Osaka, Japan","Port of Stockton, Stockton, California",Classified: 7219.34,2,525
Toyota Tsusho Corp.,Toyota Tsusho De Mexico,"Osaka, Japan","Port of Stockton, Stockton, California",Classified: 7219.34,1,33.65
Marubeni Itochu Steel Inc.,Mi Metal Processing Mexicana Sa De,"Osaka, Japan","Port of Stockton, Stockton, California",Classified: 7219.34,2,898.74
Metal One Corp.,Aa Alfredo Valdez Gomez,"Osaka, Japan","Port of Stockton, Stockton, California",Classified: 7219.34,2,45.48
"Mitsui & Co., Ltd.",Mitsui De Mexico S.De R.L De C.V,"Osaka, Japan","Port of Stockton, Stockton, California",Classified: 7219.34,2,1779.53
Posco,Posco America Corp.,"Pohang, South Korea","Alabama State Port Authority, Mobile, Alabama",Classified: 7219.33,4,554.1
Posco,Samsung America Inc.,"Pohang, South Korea","Alabama State Port Authority, Mobile, Alabama",Classified: 7219.33,6,833.88
Posco,Posco America,"Kwangyang, South Korea","Alabama State Port Authority, Mobile, Alabama",Classified: 7219.12,1,2839.29
,Marubeni Transport Service Corp.,"Kaohsiung, Taiwan","Port of Vancouver USA, Vancouver, Washington",Classified: 7204.49,3,203.44
,Controladora Mabe S.A. De C.V,"Busan, South Korea","Port of Stockton, Stockton, California",Classified: 7219.34,1,255.95
China Steel Nippon Steel Vn Joint,,"All Other Viet Nam Ports, Vietnam","Port of Stockton, Stockton, California",Parsed: 7210.49,1,310.79
Maruichi Sun Steel Jsc,Hanwa Mexicana S.A. De C.V. Av. Pa,"All Other Viet Nam Ports, Vietnam","Port of Stockton, Stockton, California",Parsed: 7210.61,1,268.1
Maruichi Sun Steel Jsc,Aceros Y Galvanizados De Celaya Sa,"All Other Viet Nam Ports, Vietnam","Port of Stockton, Stockton, California",Parsed: 7210.61,2,818.64
"Nippon Steel Trading Co., Ltd.",Nippon Steel Trading Americas,"Nagoya, Japan","Port of New Orleans, New Orleans, Louisiana",Classified: 7219.34,1,2437.07
Jfe Shoji Trade Corp.,Jfe Shoji Trade America Inc.,"Osaka, Japan","Houston, Houston, Texas",Classified: 7219.34,3,664.05
,,"Osaka, Japan","Houston, Houston, Texas",Classified: 7219.34,8,443.44
Vina One Steel Mfg.,Steel Coils Store Llc,"All Other Viet Nam Ports, Vietnam","Houston, Houston, Texas",Classified: 7306.61,1,436.39
Posco,Posco America Corp.,"Pohang, South Korea","Wilmington, Wilmington, North Carolina",Classified: 7219.33,1,17.85
Posco,Samsung America Inc.,"Pohang, South Korea","Wilmington, Wilmington, North Carolina",Classified: 7219.33,4,423.87
"Mitsui & Co., Ltd.",Symbol Technologies Inc. Mos,"Osaka, Japan","Port of New Orleans, New Orleans, Louisiana",Classified: 7219.34,28,1760.25
"Nippon Steel Trading Co., Ltd.",Nippon Steel Trading Americas,"Osaka, Japan","Port of New Orleans, New Orleans, Louisiana",Classified: 7219.34,3,1637.61
Salzgitter Mannesmann International Gmb H,Kloeckner Metals Service Centers De,"Bremen, Germany","Port Of Entry-Port Everglades/Fort Lauderdale, Port Everglades, Florida",Parsed: 7225.92.00,3,111.59
"Dongbu Steel Co., Ltd.",Keb Hana Bank Canada,"Pyongtaek, South Korea","Port of Seattle, Seattle, Washington",Classified: 7210.49,1,115.03
Samsung C&T Japan Corp.,Flexometal Sa De Cv,"Hirohata, Japan","Port of Long Beach, Long Beach, California",Classified: 7210.70,1,926.22
"Nippon Steel Trading Co., Ltd.","Tempel De Mexico, S. De R.L. De C.V.","Hirohata, Japan","Port of Long Beach, Long Beach, California",Classified: 7210.70,1,43.21
"Nippon Steel Trading Co., Ltd.",Aguacalientes Steel Coil Mexico,"Yokohama, Japan","Port of Long Beach, Long Beach, California",Classified: 7210.70,1,12.24
Metal One Corp.,Aa Alfredo Valdez Gomez,"Yokohama, Japan","Port of Long Beach, Long Beach, California",Classified: 7210.70,1,166.99
Honda Trading Corporation,Honda Trading De Mexico Sa De Cv,"Yokohama, Japan","Port of Long Beach, Long Beach, California",Classified: 7210.70,1,57.9
Marubeni Itochu Steel Inc.,Marubeni Itochu Steel Mexico Sa De,"Kashima, Japan","Port of Long Beach, Long Beach, California",Classified: 7210.70,1,80.51
"Nippon Steel Trading Co., Ltd.",Aguacalientes Steel Coil Mexico,"Kashima, Japan","Port of Long Beach, Long Beach, California",Classified: 7210.70,1,91.59
Sumitomo Corporation,Servilamina Summit Mexicana,"Kashima, Japan","Port of Long Beach, Long Beach, California",Classified: 7210.70,1,1277.15
Metal One Corp.,Aa Alfredo Valdez Gomez,"Kashima, Japan","Port of Long Beach, Long Beach, California",Classified: 7210.70,1,206.64
"Hanwa Co., Ltd.",Hanwa Steel Service Mexicana,"Kashima, Japan","Port of Long Beach, Long Beach, California",Classified: 7210.70,1,8.93
"Nippon Steel Trading Co., Ltd.",Asbestos Y Aceros Recubiertos Sa De,"Hirohata, Japan","Port of Long Beach, Long Beach, California",Classified: 7210.70,1,2801.87
"Dongbu Steel Co., Ltd.",Kg Steel Usa Inc.,"Busan, South Korea","The Port of Los Angeles, Los Angeles, California",Classified: 7210.49,1,43.47
Hyundai Steel Co.,Hanwa American Corp.,"Inchon, South Korea","The Port of Los Angeles, Los Angeles, California",Classified: 7225.30,1,190.33
Hyundai Steel Co.,Samsung Ct America Inc.,"Pyongtaek, South Korea","Houston, Houston, Texas",Classified: 7210.49,1,170.48
Usinas Siderurgicas De Minas Gerais S.A.,Ternium International Usa Corp.,"Praia Mole, Brazil","Houston, Houston, Texas",Classified: 7219.90,2,3682.62
Jfe Shoji Trade Corp.,Jfe Shoji Trade America Inc.,"Osaka, Japan","Philadelphia Regional Port Authority, Philadelphia, Pennsylvania",Classified: 7210.70,1,13.68
"Nippon Steel Trading Co., Ltd.",Tempel Steel Co.,"Osaka, Japan","Philadelphia Regional Port Authority, Philadelphia, Pennsylvania",Classified: 7210.70,1,155.63
"Changshin Steel Co., Ltd.",Cs Automotive Tubing Co.,"Osaka, Japan","Philadelphia Regional Port Authority, Philadelphia, Pennsylvania",Classified: 7210.70,1,78.31
,Central Steel And Wire Co.,"Algoma, Ont, Canada","Port of Gary, Gary, Indiana",Classified: 7219.33,2,445.79
Sumitomo Corporation,Servilamina Summit Mexicana,"Chiba, Japan","Port of Stockton, Stockton, California",Classified: 7210.70,1,467.4
"Mitsui & Co., Ltd.",Mitsui De Mexico S.De R.L De C.V,"Chiba, Japan","Port of Stockton, Stockton, California",Classified: 7210.70,1,23.38
Marubeni Itochu Steel Inc.,Mi Metal Processing Mexicana Sa De,"Chiba, Japan","Port of Stockton, Stockton, California",Classified: 7210.70,1,34.92
"Hanwa Co., Ltd.",Hanwa Steel Service Mexicana,"Chiba, Japan","Port of Stockton, Stockton, California",Classified: 7210.70,1,1703.53
Toyota Tsusho Corp.,Toyota Tsusho De Mexico,"Chiba, Japan","Port of Stockton, Stockton, California",Classified: 7210.70,1,586.32
Metal One Corp.,Aa Alfredo Valdez Gomez,"Chiba, Japan","Port of Stockton, Stockton, California",Classified: 7210.70,2,256.85
Jfe Shoji Trade Corp.,Jfe Shoji Steel De Mexico,"Chiba, Japan","Port of Stockton, Stockton, California",Classified: 7210.70,1,5274.96
,,"Algoma, Ont, Canada","Illinois International Port District, Chicago, Illinois",Classified: 7210.70,1,46.4
Usinas Siderurgicas De Minas Gerais,Ternium International Usa Corp.,"Sao Paulo, Brazil","Houston, Houston, Texas",Classified: 7208.26,1,567.85
Usinas Siderurgicas De Minas Gerais,Ternium International Usa Corp.,"Sao Paulo, Brazil","Houston, Houston, Texas",Classified: 7219.12,3,19945.62
Usinas Siderurgicas De Minas Gerais,Ternium International Usa Corp.,"Sao Paulo, Brazil","Houston, Houston, Texas",Classified: 7225.30,2,439.6
Hyundai Steel Co.,Hyundai Steel America Inc.,"Kwangyang, South Korea","Alabama State Port Authority, Mobile, Alabama",Classified: 7209.16,1,424.99
"Prosperity Tieh Enterprise Co., Ltd.","Prosperity Tieh Enterprise Co., Ltd.","Kaohsiung, Taiwan","Port of New Orleans, New Orleans, Louisiana",Classified: 7210.70,1,48.09
Hyundai Steel Co.,Hyundai Steel Co.,"Busan, South Korea","The Port of Los Angeles, Los Angeles, California",Classified: 7225.30,1,17.26
Maruichi Sun Steel Jsc,Optima Steel International Llc,"All Other Viet Nam Ports, Vietnam","The Port of Los Angeles, Los Angeles, California",Classified: 7210.61,7,445.15
Hoa Phat Dung Quat Steel Jsc,Conduit Sa De Cv Con8402082 V5,"All Other Viet Nam Ports, Vietnam","The Port of Brownsville, Brownsville, Texas",Classified: 7606.12,2,5043.57
Hoa Phat Dung Quat Steel Jsc,Dufmex S De Rl De Cv,"All Other Viet Nam Ports, Vietnam","The Port of Brownsville, Brownsville, Texas",Classified: 7606.12,4,8151.75
Hoa Phat Dung Quat Steel Jsc,Flexometal Sa De Cv Fle041223 Dt6,"All Other Viet Nam Ports, Vietnam","The Port of Brownsville, Brownsville, Texas",Classified: 7606.12,1,966.37
Maruichi Sun Steel Jsc,Posco Mppc S.A. De C.V. Carretera,"All Other Viet Nam Ports, Vietnam","Philadelphia Regional Port Authority, Philadelphia, Pennsylvania",Classified: 7210.49,1,317.82
Maruichi Sun Steel Jsc,Asbestos Y Aceros Recubiertos Sa De,"All Other Viet Nam Ports, Vietnam","Philadelphia Regional Port Authority, Philadelphia, Pennsylvania",Classified: 7210.61,2,2265.25
Posco,Posco America Corp.,"Pohang, South Korea","Alabama State Port Authority, Mobile, Alabama",Classified: 7219.35,2,150.37
Maruichi Sun Steel Jsc,Laminas Acanaladas De Occidente Sa,"All Other Viet Nam Ports, Vietnam","The Port of Los Angeles, Los Angeles, California",Classified: 7210.70,1,1023.02
Maruichi Sun Steel Jsc,Metal Y Panel Industrial Depot Sa,"All Other Viet Nam Ports, Vietnam","The Port of Los Angeles, Los Angeles, California",Classified: 7210.70,2,173.53
Maruichi Sun Steel Jsc,Hanwa Mexicana S.A. De C.V.,"All Other Viet Nam Ports, Vietnam","The Port of Los Angeles, Los Angeles, California",Classified: 7210.61,1,272.64
Maruichi Sun Steel Jsc,Ventacero Sa De Cv,"All Other Viet Nam Ports, Vietnam","The Port of Los Angeles, Los Angeles, California",Classified: 7210.61,1,837.59
China Steel Nippon Steel Vn Joint,China Steel & Nippon,"All Other Viet Nam Ports, Vietnam","The Port of Los Angeles, Los Angeles, California",Classified: 7210.70,1,202.51
Maruichi Sun Steel Jsc,Optima Steel International Llc,"All Other Viet Nam Ports, Vietnam","The Port of Los Angeles, Los Angeles, California",Classified: 7210.70,1,322.54
China Steel Nippon Steel Vn Joint,Hartree Metallia Lp,"Kaohsiung, Taiwan","The Port of Los Angeles, Los Angeles, California",Classified: 7219.90,1,20.4
Posco,Samsung America Inc.,"Kwangyang, South Korea","Houston, Houston, Texas",Classified: 7219.90,1,91.64
Metal One Corp.,Conservas La Costena S.A. De C.V.,"Yawata, Japan","Port of New Orleans, New Orleans, Louisiana",Classified: 7210.70,2,4539.22
Metal One Corp.,Conservas La Costena S.A. De C.V.,"Nagoya, Japan","Port of New Orleans, New Orleans, Louisiana",Classified: 7210.70,2,676.38
"Dongkuk Coated Metal Co., Ltd.",Dass Steel Service Centre,"Pohang, South Korea","Port Of Cleveland, Cleveland, Ohio",Classified: 7210.70,1,95.56
Maruichi Sun Steel Jsc,Optima Steel International Llc,"Ho Chi Minh City, Vietnam","Tampa, Florida",Classified: 7210.49,2,449.19
"Dongbu Steel Co., Ltd.",Kg Steel Usa Inc.,"Pyongtaek, South Korea","The Port of Los Angeles, Los Angeles, California",Classified: 7210.49,1,62.61
,,"All Other Viet Nam Ports, Vietnam","Port of New Orleans, New Orleans, Louisiana",Classified: 7210.70,3,7880.19
Maruichi Sun Steel Jsc,Bmo Bank,"All Other Viet Nam Ports, Vietnam","Port of New Orleans, New Orleans, Louisiana",Classified: 7210.70,3,2239.28
Maruichi Sun Steel Jsc,Optima Steel International Llc,"All Other Viet Nam Ports, Vietnam","Port of New Orleans, New Orleans, Louisiana",Classified: 7210.70,3,1223.92
Maruichi Sun Steel Jsc,Optima Steel International Llc,"All Other Viet Nam Ports, Vietnam","Port of New Orleans, New Orleans, Louisiana",Classified: 7210.61,1,38.28
Posco,Posco America,"Kwangyang, South Korea","Alabama State Port Authority, Mobile, Alabama",Classified: 7209.17,1,58.18
Salzgitter Mannesmann International Gmb H,Kloeckner Metals Service Centers De,"Bremen, Germany","Houston, Houston, Texas",Parsed: 7225.92.00,2,139.8
"Tung Mung Development Co., Ltd.",Woori Bank,"Kaohsiung, Taiwan","The Port of Los Angeles, Los Angeles, California",Classified: 7204.49,1,120.29
Tamaki Sangyo,Steel Distributor Inc.,"Osaka, Japan","Port of Long Beach, Long Beach, California",Classified: 7219.34,2,220.27
,San Diego Vista Steel Service Corp.,"Osaka, Japan","Port of Long Beach, Long Beach, California",Classified: 7219.34,2,16.18
Tetsusho Kayaba Corp.,Steel Distributor Inc.,"Osaka, Japan","Port of Long Beach, Long Beach, California",Classified: 7219.34,5,323.84
Jfe Shoji Trade Corp.,Jfe Shoji Trade America Inc.,"Osaka, Japan","Port of Long Beach, Long Beach, California",Classified: 7219.34,3,386.47
Hyundai Steel Co.,Hyundai Glovis Mexico S De Rl De Cv,"Pyongtaek, South Korea","Port of Vancouver USA, Vancouver, Washington",Classified: 7210.70,2,743.23
Hyosung Tnc Corporation.,Conduit Sacv,"Pyongtaek, South Korea","Port of Vancouver USA, Vancouver, Washington",Classified: 7222.19,1,509.89
Hyosung Tnc Corporation.,Conduit Sacv,"Busan, South Korea","Port of Vancouver USA, Vancouver, Washington",Classified: 7222.19,1,56.49
Hyundai Steel Co.,Hyundai Glovis Mexico S De Rl De Cv,"Busan, South Korea","Port of Vancouver USA, Vancouver, Washington",Classified: 7210.70,1,155.82
Hyundai Steel Co.,Hyundai Glovis Mexico S De Rl De Cv,"Busan, South Korea","Port of Vancouver USA, Vancouver, Washington",Classified: 7210.49,1,40.57
Nam Kim Steel Jsc,Samsung America Inc.,"All Other Viet Nam Ports, Vietnam","Houston, Houston, Texas",Classified: 7210.49,2,826.63
Sumitomo Corporation,Summit Global Trading,"Osaka, Japan","Wilmington, Wilmington, North Carolina",Classified: 7219.34,7,487.51
Sumitomo Corporation,Gonvauto Puebla Sa De Cv,"Kimitsu, Japan","Port of Stockton, Stockton, California",Classified: 7219.34,1,24.51
Sumitomo Corporation,Servilamina Summit Mexicana,"Kimitsu, Japan","Port of Stockton, Stockton, California",Classified: 7219.34,1,332.42
Honda Trading Corporation,Honda Trading De Mexico Sa De Cv,"Kimitsu, Japan","Port of Stockton, Stockton, California",Classified: 7219.34,1,156.52
"Nippon Steel Trading Co., Ltd.",Aguacalientes Steel Coil Mexico,"Kimitsu, Japan","Port of Stockton, Stockton, California",Classified: 7219.34,1,107.84
"Nippon Steel Trading Co., Ltd.",Lamina Desplegada S.A. De C.V.,"Kimitsu, Japan","Port of Stockton, Stockton, California",Classified: 7219.34,1,17.02
Marubeni Itochu Steel Inc.,Mi Metal Processing Mexicana Sa De,"Kimitsu, Japan","Port of Stockton, Stockton, California",Classified: 7219.34,1,207.46
Marubeni Itochu Steel Inc.,Marubeni Itochu Steel Mexico Sa De,"Kimitsu, Japan","Port of Stockton, Stockton, California",Classified: 7219.34,1,103.9
"Mitsui & Co., Ltd.",Mitsui De Mexico S.De R.L De C.V,"Kimitsu, Japan","Port of Stockton, Stockton, California",Classified: 7219.34,1,44.59
"Hanwa Co., Ltd.",Hanwa Steel Service Mexicana,"Kimitsu, Japan","Port of Stockton, Stockton, California",Classified: 7219.34,1,111.41
Metal One Corp.,Nissin Mexicana,"Kimitsu, Japan","Port of Stockton, Stockton, California",Classified: 7219.34,1,22.39
Metal One Corp.,A.A. Guillermo Woodward Rojas,"Kimitsu, Japan","Port of Stockton, Stockton, California",Classified: 7219.34,1,677.2
Metal One Corp.,Aa Alfredo Valdez Gomez,"Kimitsu, Japan","Port of Stockton, Stockton, California",Classified: 7219.34,1,3088.82
Metal One Corp.,Aa Alfredo Valdez Gomez,"Oita, Japan","Port of Stockton, Stockton, California",Classified: 7219.34,1,1282.87
Sumitomo Corporation,Gonvauto Puebla Sa De Cv,"Oita, Japan","Port of Stockton, Stockton, California",Classified: 7219.34,1,968.72
Sumitomo Corporation,Servilamina Summit Mexicana,"Oita, Japan","Port of Stockton, Stockton, California",Classified: 7219.34,1,58.92
Honda Trading Corporation,Honda Trading De Mexico Sa De Cv,"Oita, Japan","Port of Stockton, Stockton, California",Classified: 7219.34,1,243.37
Marubeni Itochu Steel Inc.,Mi Metal Processing Mexicana Sa De,"Oita, Japan","Port of Stockton, Stockton, California",Classified: 7219.34,1,202.75
"Nippon Steel Trading Co., Ltd.",Aguacalientes Steel Coil Mexico,"Oita, Japan","Port of Stockton, Stockton, California",Classified: 7219.34,1,63.53
"Mitsui & Co., Ltd.",Mitsui De Mexico S.De R.L De C.V,"Oita, Japan","Port of Stockton, Stockton, California",Classified: 7219.34,1,414.57
"Hanwa Co., Ltd.",Hanwa Steel Service Mexicana,"Osaka, Japan","Port of Stockton, Stockton, California",Classified: 7219.34,1,310.64
,Toyota Tsusho De Mexico,"Osaka, Japan","Port of Stockton, Stockton, California",Classified: 7219.34,1,54.7
Sumitomo Corporation,Servilamina Summit Mexicana,"Osaka, Japan","Port of Stockton, Stockton, California",Classified: 7219.34,1,18.82
Hyundai Steel Co.,Samsung America Inc.,"All Other South Korea Ports, South Korea","Houston, Houston, Texas",Classified: 7210.49,1,37.49
"Nippon Steel Trading Co., Ltd.",Nippon Steel Trading Americas,"Osaka, Japan","Port of Long Beach, Long Beach, California",Classified: 7219.34,1,64.18
"Mitsui & Co., Ltd.",Symbol Technologies Inc. Mos,"Osaka, Japan","Port of Long Beach, Long Beach, California",Classified: 7219.34,1,725.38
,Asi,"Algoma, Ont, Canada","Toledo-Lucas Port Authority, Toledo, Ohio",Classified: 7219.34,1,25.15
,,"Yawata, Japan","Philadelphia Regional Port Authority, Philadelphia, Pennsylvania",Classified: 7219.34,1,23.74
Jfe Shoji Trade Corp.,Jfe Shoji Trade America Inc.,"Osaka, Japan","Philadelphia Regional Port Authority, Philadelphia, Pennsylvania",Classified: 7219.34,1,34.54
Maruichi Sun Steel Jsc,Pacific Metals Trading Inc.,"All Other Viet Nam Ports, Vietnam","Tampa, Florida",Classified: 7210.61,1,143.2
Maruichi Sun Steel Jsc,Optima Steel International Llc,"All Other Viet Nam Ports, Vietnam","Tampa, Florida",Classified: 7210.61,3,1829.95
Hyundai Steel Co.,Hyundai Glovis Mexico S De Rl De Cv,"All Other South Korea Ports, South Korea","The Port of Brownsville, Brownsville, Texas",Classified: 7210.49,2,2052.99
Hyundai Steel Co.,Hyundai Glovis Mexico S De Rl De Cv,"All Other South Korea Ports, South Korea","The Port of Brownsville, Brownsville, Texas",Classified: 7225.92,1,1044.4
United Iron And Steel Co Llc,Duferco Steel Llc,"All Other United Arab Emirates Ports, United Arab Emirates","Port of New Orleans, New Orleans, Louisiana",Classified: 7306.90,1,304.68
"Qingdao Qinyuan Group Co., Ltd.",Valmar Brokers Llc,"Dagu/Tanggu, China","Houston, Houston, Texas",Classified: 8419.50,1,122.21
"Nippon Steel Trading Co., Ltd.",Nippon Steel Trading Mexico S.A. D,"Yawata, Japan","Port of Stockton, Stockton, California",Classified: 7219.34,1,2258.99
"Nippon Steel Trading Co., Ltd.",Nestls Mexico,"Yawata, Japan","Port of Stockton, Stockton, California",Classified: 7219.34,1,2213.23
"Mitsui & Co., Ltd.",Fabrica De Envases Del Pacifico Sa,"Yawata, Japan","Port of Stockton, Stockton, California",Classified: 7219.34,1,1831.63
Marubeni Itochu Steel Inc.,Alucaps Mexicana De Occidentesa De Cv,"Yawata, Japan","Port of Stockton, Stockton, California",Classified: 7219.34,1,1605.88
Marubeni Itochu Steel Inc.,Marubeni Itochu Steel Mexico Sa De,"Yawata, Japan","Port of Stockton, Stockton, California",Classified: 7219.34,1,4699.97
,,"Osaka, Japan","Port of Stockton, Stockton, California",Classified: 7219.34,1,144.67
Posco,Posco America,"Kwangyang, South Korea","Houston, Houston, Texas",Classified: 7209.17,2,793.15
Posco Internatioal Corp.,Posco America,"Kwangyang, South Korea","Houston, Houston, Texas",Classified: 7209.17,2,1012.4
Posco,Samsung America Inc.,"Pohang, South Korea","Houston, Houston, Texas",Classified: 7219.33,1,8.69
,,"Oita, Japan","Port of New Orleans, New Orleans, Louisiana",Classified: 7219.34,2,5301.08
,,"All Other Viet Nam Ports, Vietnam","Port of New Orleans, New Orleans, Louisiana",Classified: 7210.61,1,235.23
,Pasha Stevedoring And Terminals,"Kaohsiung, Taiwan","The Port of Los Angeles, Los Angeles, California",Classified: 7204.49,1,62.37
Hyundai Steel Co.,Hyundai Steel America Inc.,"Pyongtaek, South Korea","Alabama State Port Authority, Mobile, Alabama",Classified: 7225.11,1,1235.84
Hyundai Steel Co.,Hyundai Steel Georgia Inc.,"Pyongtaek, South Korea","Alabama State Port Authority, Mobile, Alabama",Classified: 7210.49,1,173.31
Hyundai Steel Co.,Hyundai Steel Georgia Inc.,"Kwangyang, South Korea","Alabama State Port Authority, Mobile, Alabama",Classified: 7210.70,1,95.67
"Prosperity Tieh Enterprise Co., Ltd.",Prosperity Usa Corp.,"Kaohsiung, Taiwan","The Port of Charleston, Charleston, South Carolina",Classified: 7210.61,14,5376.93
Marubeni Itochu Steel Inc.,Marubeni Itochu Steel America Inc.,"Kashima, Japan","Houston, Houston, Texas",Classified: 7219.34,1,1466.34
,Prosperity Usa Corp.,"Kaohsiung, Taiwan","Port of Vancouver USA, Vancouver, Washington",Classified: 7210.70,10,513.15
"Yieh Phui Enterprise Co., Ltd.",Deutsche Bank Ag,"Kaohsiung, Taiwan","Port of Vancouver USA, Vancouver, Washington",Classified: 7210.70,1,60.65
"Yieh Phui Enterprise Co., Ltd.",Mitsui & Co Usa Inc.,"Kaohsiung, Taiwan","Port of Vancouver USA, Vancouver, Washington",Classified: 7210.70,1,142.19
Maruichi Sun Steel Jsc,Bmo Bank N.A.,"All Other Viet Nam Ports, Vietnam","Houston, Houston, Texas",Classified: 7210.61,1,279.34
Maruichi Sun Steel Jsc,Banque Cantonale De Geneve,"All Other Viet Nam Ports, Vietnam","Port of Stockton, Stockton, California",Classified: 7210.70,1,741.62
Maruichi Sun Steel Jsc,Aceros Y Galvanizados De Celaya Sa,"All Other Viet Nam Ports, Vietnam","Port of Stockton, Stockton, California",Classified: 7210.61,2,1436.69
Maruichi Sun Steel Jsc,Metal Y Panel Industrial Depot Sa,"All Other Viet Nam Ports, Vietnam","Port of Stockton, Stockton, California",Classified: 7210.61,1,56.99
"Prosperity Tieh Enterprise Co., Ltd.",Optima Steel International Llc,"Kaohsiung, Taiwan","Philadelphia Regional Port Authority, Philadelphia, Pennsylvania",Classified: 7210.70,2,467.22
"Tung Mung Development Co., Ltd.",Michigan Metal Importers,"Kaohsiung, Taiwan","Philadelphia Regional Port Authority, Philadelphia, Pennsylvania",Classified: 7219.33,4,249.08
"Tung Mung Development Co., Ltd.",Alabama Stainless Storage Inc.,"Kaohsiung, Taiwan","Philadelphia Regional Port Authority, Philadelphia, Pennsylvania",Classified: 7219.22,2,36.88
Hyundai Steel Co.,Samsung America Inc.,"Pyongtaek, South Korea","Houston, Houston, Texas",Classified: 7210.70,5,5440.11
Hyundai Steel Co.,Samsung America Inc.,"Pyongtaek, South Korea","Houston, Houston, Texas",Classified: 7210.49,4,2132.64
Hyundai Steel Co.,Samsung America Inc.,"Pyongtaek, South Korea","Houston, Houston, Texas",Classified: 7220.20,1,45.54
Sumitomo Corporation,Summit Global Trading,"Osaka, Japan","Houston, Houston, Texas",Classified: 7219.34,1,369.9
Marubeni Itochu Steel Inc.,Marubeni Itochu Steel America Inc.,"Osaka, Japan","Houston, Houston, Texas",Classified: 7219.34,2,130.72
Marubeni Itochu Steel Inc.,Marubeni Itochu Steel America Inc.,"Osaka, Japan","Philadelphia Regional Port Authority, Philadelphia, Pennsylvania",Classified: 7219.34,1,33.06
"Mitsui & Co., Ltd.",Mitsui & Co Usa,"Osaka, Japan","Philadelphia Regional Port Authority, Philadelphia, Pennsylvania",Classified: 7219.34,2,497.22
Jfe Shoji Trade Corp.,Jfe Shoji Trade America Inc.,"Kasaoka, Japan","Port of New Orleans, New Orleans, Louisiana",Classified: 7219.34,1,1980.1
,,"All Other Viet Nam Ports, Vietnam","Houston, Houston, Texas",Classified: 7219.33,1,153.27
Maruichi Sun Steel Jsc,Mitsui & Co (Usa) Inc.,"All Other Viet Nam Ports, Vietnam","Houston, Houston, Texas",Classified: 7210.70,1,576.31
,Esmark Steel Group Midwest Llc,"Algoma, Ont, Canada","Illinois International Port District, Chicago, Illinois",Classified: 7219.34,1,32.49
"Mitsui & Co., Ltd.",Mitsui & Co Usa,"Osaka, Japan","Wilmington, Wilmington, North Carolina",Classified: 7219.34,2,499.77
Marubeni Itochu Steel Inc.,Marubeni Itochu Steel America Inc.,"Osaka, Japan","Wilmington, Wilmington, North Carolina",Classified: 7219.34,3,108.8
Posco,Posco America,"Kwangyang, South Korea","Alabama State Port Authority, Mobile, Alabama",Classified: 7208.26,1,498.58
Posco,Posco Nternational America Corp.,"Pohang, South Korea","Alabama State Port Authority, Mobile, Alabama",Classified: 7219.90,2,840.97
Al Ghurair Iron And Steel Llc,Optima Steel International Llc,"All Other United Arab Emirates Ports, United Arab Emirates","Baltimore, Maryland",Classified: 7306.90,3,1658.43
